run_id,design,status,labor,financing,eta,eta_s,theta,epsilon,sigma,shock,magnitude,data_vintage,evidence,commit,actor,notes
matrix_5x3-BF-F1,matrix_5x3,executed,BF,F1,0.0,0.0,0.5,0.5,0.9,impulses.csv,1.0,full-71-abill,runs/matrix_5x3-BF-F1/manifest.toml; runs/matrix_5x3-BF-F1/log.txt,848a9cbdc826e9af8af643363a4c6d49135986fb,hermes-agent,"parameters pinned in experiments/designs/matrix_5x3.toml (full-71 A-bill, ADR-0012); planned | executed 2026-09-17 (see runs/matrix_5x3-BF-F1/manifest.toml)"
matrix_5x3-BF-F2,matrix_5x3,executed,BF,F2,0.0,0.0,0.5,0.5,0.9,impulses.csv,1.0,full-71-abill,runs/matrix_5x3-BF-F2/manifest.toml; runs/matrix_5x3-BF-F2/log.txt,848a9cbdc826e9af8af643363a4c6d49135986fb,hermes-agent,"parameters pinned in experiments/designs/matrix_5x3.toml (full-71 A-bill, ADR-0012); planned | executed 2026-09-17 (see runs/matrix_5x3-BF-F2/manifest.toml)"
matrix_5x3-BF-F3,matrix_5x3,executed,BF,F3,0.0,0.0,0.5,0.5,0.9,impulses.csv,1.0,full-71-abill,runs/matrix_5x3-BF-F3/manifest.toml; runs/matrix_5x3-BF-F3/log.txt,848a9cbdc826e9af8af643363a4c6d49135986fb,hermes-agent,"parameters pinned in experiments/designs/matrix_5x3.toml (full-71 A-bill, ADR-0012); planned | executed 2026-09-17 (see runs/matrix_5x3-BF-F3/manifest.toml)"
matrix_5x3-ALPHA-F1,matrix_5x3,executed,ALPHA,F1,1.0,0.0,0.5,0.5,0.9,impulses.csv,1.0,full-71-abill,runs/matrix_5x3-ALPHA-F1/manifest.toml; runs/matrix_5x3-ALPHA-F1/log.txt,848a9cbdc826e9af8af643363a4c6d49135986fb,hermes-agent,"parameters pinned in experiments/designs/matrix_5x3.toml (full-71 A-bill, ADR-0012); planned | executed 2026-09-17 (see runs/matrix_5x3-ALPHA-F1/manifest.toml)"
matrix_5x3-ALPHA-F2,matrix_5x3,executed,ALPHA,F2,1.0,0.0,0.5,0.5,0.9,impulses.csv,1.0,full-71-abill,runs/matrix_5x3-ALPHA-F2/manifest.toml; runs/matrix_5x3-ALPHA-F2/log.txt,848a9cbdc826e9af8af643363a4c6d49135986fb,hermes-agent,"parameters pinned in experiments/designs/matrix_5x3.toml (full-71 A-bill, ADR-0012); planned | executed 2026-09-17 (see runs/matrix_5x3-ALPHA-F2/manifest.toml)"
matrix_5x3-ALPHA-F3,matrix_5x3,executed,ALPHA,F3,1.0,0.0,0.5,0.5,0.9,impulses.csv,1.0,full-71-abill,runs/matrix_5x3-ALPHA-F3/manifest.toml; runs/matrix_5x3-ALPHA-F3/log.txt,848a9cbdc826e9af8af643363a4c6d49135986fb,hermes-agent,"parameters pinned in experiments/designs/matrix_5x3.toml (full-71 A-bill, ADR-0012); planned | executed 2026-09-17 (see runs/matrix_5x3-ALPHA-F3/manifest.toml)"
matrix_5x3-BETA-F1,matrix_5x3,executed,BETA,F1,1.0,0.5,0.5,0.5,0.9,impulses.csv,1.0,full-71-abill,runs/matrix_5x3-BETA-F1/manifest.toml; runs/matrix_5x3-BETA-F1/log.txt,848a9cbdc826e9af8af643363a4c6d49135986fb,hermes-agent,"parameters pinned in experiments/designs/matrix_5x3.toml (full-71 A-bill, ADR-0012); planned | executed 2026-09-17 (see runs/matrix_5x3-BETA-F1/manifest.toml)"
matrix_5x3-BETA-F2,matrix_5x3,executed,BETA,F2,1.0,0.5,0.5,0.5,0.9,impulses.csv,1.0,full-71-abill,runs/matrix_5x3-BETA-F2/manifest.toml; runs/matrix_5x3-BETA-F2/log.txt,848a9cbdc826e9af8af643363a4c6d49135986fb,hermes-agent,"parameters pinned in experiments/designs/matrix_5x3.toml (full-71 A-bill, ADR-0012); planned | executed 2026-09-17 (see runs/matrix_5x3-BETA-F2/manifest.toml)"
matrix_5x3-BETA-F3,matrix_5x3,executed,BETA,F3,1.0,0.5,0.5,0.5,0.9,impulses.csv,1.0,full-71-abill,runs/matrix_5x3-BETA-F3/manifest.toml; runs/matrix_5x3-BETA-F3/log.txt,848a9cbdc826e9af8af643363a4c6d49135986fb,hermes-agent,"parameters pinned in experiments/designs/matrix_5x3.toml (full-71 A-bill, ADR-0012); planned | executed 2026-09-17 (see runs/matrix_5x3-BETA-F3/manifest.toml)"
matrix_5x3-GAMMA-F1,matrix_5x3,failed,GAMMA,F1,1.0,0.0,0.5,0.5,0.9,impulses.csv,1.0,full-71-abill,runs/matrix_5x3-GAMMA-F1/manifest.toml; runs/matrix_5x3-GAMMA-F1/log.txt,848a9cbdc826e9af8af643363a4c6d49135986fb,hermes-agent,"parameters pinned in experiments/designs/matrix_5x3.toml (full-71 A-bill, ADR-0012); planned | failed 2026-09-17 (see runs/matrix_5x3-GAMMA-F1/manifest.toml)"
matrix_5x3-GAMMA-F2,matrix_5x3,executed,GAMMA,F2,1.0,0.0,0.5,0.5,0.9,impulses.csv,1.0,full-71-abill,runs/matrix_5x3-GAMMA-F2/manifest.toml; runs/matrix_5x3-GAMMA-F2/log.txt,848a9cbdc826e9af8af643363a4c6d49135986fb,hermes-agent,"parameters pinned in experiments/designs/matrix_5x3.toml (full-71 A-bill, ADR-0012); planned | executed 2026-09-17 (see runs/matrix_5x3-GAMMA-F2/manifest.toml)"
matrix_5x3-GAMMA-F3,matrix_5x3,executed,GAMMA,F3,1.0,0.0,0.5,0.5,0.9,impulses.csv,1.0,full-71-abill,runs/matrix_5x3-GAMMA-F3/manifest.toml; runs/matrix_5x3-GAMMA-F3/log.txt,848a9cbdc826e9af8af643363a4c6d49135986fb,hermes-agent,"parameters pinned in experiments/designs/matrix_5x3.toml (full-71 A-bill, ADR-0012); planned | executed 2026-09-17 (see runs/matrix_5x3-GAMMA-F3/manifest.toml)"
matrix_5x3-DELTA-F1,matrix_5x3,failed,DELTA,F1,1.0,0.0,0.0001,0.0001,0.0001,impulses.csv,1.0,full-71-abill,runs/matrix_5x3-DELTA-F1/manifest.toml; runs/matrix_5x3-DELTA-F1/log.txt,848a9cbdc826e9af8af643363a4c6d49135986fb,hermes-agent,"parameters pinned in experiments/designs/matrix_5x3.toml (full-71 A-bill, ADR-0012); planned | theta/epsilon/sigma = delta_epsilon = 1e-4 (the solved Leontief-limit values; ADR-0006) | failed 2026-09-17 (see runs/matrix_5x3-DELTA-F1/manifest.toml)"
matrix_5x3-DELTA-F2,matrix_5x3,executed,DELTA,F2,1.0,0.0,0.0001,0.0001,0.0001,impulses.csv,1.0,full-71-abill,runs/matrix_5x3-DELTA-F2/manifest.toml; runs/matrix_5x3-DELTA-F2/log.txt,848a9cbdc826e9af8af643363a4c6d49135986fb,hermes-agent,"parameters pinned in experiments/designs/matrix_5x3.toml (full-71 A-bill, ADR-0012); planned | theta/epsilon/sigma = delta_epsilon = 1e-4 (the solved Leontief-limit values; ADR-0006) | executed 2026-09-17 (see runs/matrix_5x3-DELTA-F2/manifest.toml)"
matrix_5x3-DELTA-F3,matrix_5x3,executed,DELTA,F3,1.0,0.0,0.0001,0.0001,0.0001,impulses.csv,1.0,full-71-abill,runs/matrix_5x3-DELTA-F3/manifest.toml; runs/matrix_5x3-DELTA-F3/log.txt,848a9cbdc826e9af8af643363a4c6d49135986fb,hermes-agent,"parameters pinned in experiments/designs/matrix_5x3.toml (full-71 A-bill, ADR-0012); planned | theta/epsilon/sigma = delta_epsilon = 1e-4 (the solved Leontief-limit values; ADR-0006) | executed 2026-09-17 (see runs/matrix_5x3-DELTA-F3/manifest.toml)"
cbase2-v3-ALPHA-F1-mobile,cbase2-v3,failed,ALPHA,F1,0.5,0,1.0,0.5,0.9,impulses.csv,m=1,cbase2-v3,cbase2/scripts/verify_v3.jl; cbase2/process_comments.md; cbase2/review.md,bb41bac,hermes-agent,"F1 test used an all-ones no-op preference vector, so it is not a valid F1 test [review 2.9]; budget identity sum p*c - (1-s)E = 0.0 exact, resid 9e-10 and L = 1.0 at v3 implementation [process_comments 2026-09-16]; later reduced-formulation round reports mobile rows resid <= 3.7e-7 [process_comments 2026-09-16 evening]"
cbase2-v3-ALPHA-F2-mobile,cbase2-v3,provisional,ALPHA,F2,0.5,0,1.0,0.5,0.9,impulses.csv,m=1,cbase2-v3,cbase2/scripts/verify_v3.jl; cbase2/process_comments.md; cbase2/review.md,bb41bac,hermes-agent,"resid 5.6e-7 and budget identity sum p*c - (1-s)E = 0.0 exact at v3 implementation [process_comments 2026-09-16]; aggregate headlines contaminated until the Tornqvist base is fixed (base still in v2 form, real_gdp reads 0.199 at the v3 baseline, F2 -24.6% is an artifact) and by technology-change mixing (headline rows use theta=1.0 while the reference is the final continuation point theta=0.5) [process_comments 2026-09-16; review 2.9]; equilibrium real wage w* ~ 0.48 flagged for re-examination [process_comments 2026-09-16]"
cbase2-v3-ALPHA-F3-mobile,cbase2-v3,failed,ALPHA,F3,0.5,0,1.0,0.5,0.9,impulses.csv,m=1,cbase2-v3,cbase2/scripts/verify_v3.jl; cbase2/process_comments.md; cbase2/review.md,bb41bac,hermes-agent,"mobile solve stalls at max|resid| ~2e-4 (LM polish insufficient; F2 needed no polish) [process_comments 2026-09-16]; later reduced-formulation round reports F3 mobile resid <= 3.7e-7 and records external deficit F = 0.001472, but external_balance returns only the programme's import content and the figure is ambiguous (~half of dot(p, m.*g) at baseline) [process_comments 2026-09-16; review 2.8]"
cbase2-v3-DELTA-analytic-F2,cbase2-v3,provisional,DELTA,F2,1.0,0,1e-4,1e-4,1e-4,impulses.csv,m=1,cbase2-v3,cbase2/scripts/verify_v3.jl; cbase2/process_comments.md; cbase2/review.md,bb41bac,hermes-agent,"analytic Leontief equivalence F2: L num/ana = 1.165584/1.165584 with rel y error 0.0 [process_comments 2026-09-16]; values are pre-drop 71-sector (70-sector ~1.1365); exactness rests on p=1 being an exact equilibrium under demand-only shocks rather than the epsilon->0 limit and the near-unit round-gain column sums (~0.976) make it fragile; the in-script assertion is rel < 5e-3 while the doc quotes 0.0 [review 3.5, 2.9]"
cbase2-v3-DELTA-analytic-F3,cbase2-v3,provisional,DELTA,F3,1.0,0,1e-4,1e-4,1e-4,impulses.csv,m=1,cbase2-v3,cbase2/scripts/verify_v3.jl; cbase2/process_comments.md; cbase2/review.md,bb41bac,hermes-agent,"analytic Leontief equivalence F3: L num/ana = 1.176709/1.176709 with rel y error 0.0 [process_comments 2026-09-16]; values are pre-drop 71-sector (70-sector ~1.1469); exactness rests on p=1 being an exact equilibrium under demand-only shocks rather than the epsilon->0 limit and the near-unit round-gain column sums (~0.976) make it fragile; the in-script assertion is rel < 5e-3 while the doc quotes 0.0 [review 3.5, 2.9]"
cbase2-v3-BETA-mobile,cbase2-v3,failed,BETA,F3,0.5,TBD,TBD,TBD,TBD,impulses.csv,m=1,cbase2-v3,cbase2/scripts/verify_v3.jl; cbase2/process_comments.md; cbase2/review.md,bb41bac,hermes-agent,"eta_s-continuation (solve_beta) ran >25 min without completing; each rung can trigger the 2000-iter LM polish on the 142-dim FD system [process_comments 2026-09-16]; theta/epsilon/sigma TBD because the timed-out run predates the theta=1 bound and its configuration is not documented [process_comments 2026-09-17]; verify_v3.jl targets eta_s in {0.5, 1.0} under F3 and its identification test recovers eta_s by construction (circular, w0=1 hardcoded) [review 3.4]"
matrix_5x3-v2-BF-F1,matrix_5x3_v2,executed,BF,F1,0.0,0.0,0.5,0.5,0.9,impulses.csv,1.0,full-71-abill,runs/matrix_5x3-v2-BF-F1/manifest.toml; runs/matrix_5x3-v2-BF-F1/log.txt,24118732b5e979be74f168c989ba2667b8d5f98d,hermes-agent,"parameters pinned in experiments/designs/matrix_5x3_v2.toml (full-71 A-bill, ADR-0012); planned | executed 2026-09-17 (see runs/matrix_5x3-BF-F1/manifest.toml) | executed 2026-09-17 (see runs/matrix_5x3-v2-BF-F1/manifest.toml)"
matrix_5x3-v2-BF-F2,matrix_5x3_v2,executed,BF,F2,0.0,0.0,0.5,0.5,0.9,impulses.csv,1.0,full-71-abill,runs/matrix_5x3-v2-BF-F2/manifest.toml; runs/matrix_5x3-v2-BF-F2/log.txt,24118732b5e979be74f168c989ba2667b8d5f98d,hermes-agent,"parameters pinned in experiments/designs/matrix_5x3_v2.toml (full-71 A-bill, ADR-0012); planned | executed 2026-09-17 (see runs/matrix_5x3-BF-F2/manifest.toml) | executed 2026-09-17 (see runs/matrix_5x3-v2-BF-F2/manifest.toml)"
matrix_5x3-v2-BF-F3,matrix_5x3_v2,executed,BF,F3,0.0,0.0,0.5,0.5,0.9,impulses.csv,1.0,full-71-abill,runs/matrix_5x3-v2-BF-F3/manifest.toml; runs/matrix_5x3-v2-BF-F3/log.txt,24118732b5e979be74f168c989ba2667b8d5f98d,hermes-agent,"parameters pinned in experiments/designs/matrix_5x3_v2.toml (full-71 A-bill, ADR-0012); planned | executed 2026-09-17 (see runs/matrix_5x3-BF-F3/manifest.toml) | executed 2026-09-17 (see runs/matrix_5x3-v2-BF-F3/manifest.toml)"
matrix_5x3-v2-ALPHA-F1,matrix_5x3_v2,executed,ALPHA,F1,1.0,0.0,0.5,0.5,0.9,impulses.csv,1.0,full-71-abill,runs/matrix_5x3-v2-ALPHA-F1/manifest.toml; runs/matrix_5x3-v2-ALPHA-F1/log.txt,24118732b5e979be74f168c989ba2667b8d5f98d,hermes-agent,"parameters pinned in experiments/designs/matrix_5x3_v2.toml (full-71 A-bill, ADR-0012); planned | executed 2026-09-17 (see runs/matrix_5x3-ALPHA-F1/manifest.toml) | executed 2026-09-17 (see runs/matrix_5x3-v2-ALPHA-F1/manifest.toml)"
matrix_5x3-v2-ALPHA-F2,matrix_5x3_v2,executed,ALPHA,F2,1.0,0.0,0.5,0.5,0.9,impulses.csv,1.0,full-71-abill,runs/matrix_5x3-v2-ALPHA-F2/manifest.toml; runs/matrix_5x3-v2-ALPHA-F2/log.txt,24118732b5e979be74f168c989ba2667b8d5f98d,hermes-agent,"parameters pinned in experiments/designs/matrix_5x3_v2.toml (full-71 A-bill, ADR-0012); planned | executed 2026-09-17 (see runs/matrix_5x3-ALPHA-F2/manifest.toml) | executed 2026-09-17 (see runs/matrix_5x3-v2-ALPHA-F2/manifest.toml)"
matrix_5x3-v2-ALPHA-F3,matrix_5x3_v2,executed,ALPHA,F3,1.0,0.0,0.5,0.5,0.9,impulses.csv,1.0,full-71-abill,runs/matrix_5x3-v2-ALPHA-F3/manifest.toml; runs/matrix_5x3-v2-ALPHA-F3/log.txt,24118732b5e979be74f168c989ba2667b8d5f98d,hermes-agent,"parameters pinned in experiments/designs/matrix_5x3_v2.toml (full-71 A-bill, ADR-0012); planned | executed 2026-09-17 (see runs/matrix_5x3-ALPHA-F3/manifest.toml) | executed 2026-09-17 (see runs/matrix_5x3-v2-ALPHA-F3/manifest.toml)"
matrix_5x3-v2-BETA-F1,matrix_5x3_v2,executed,BETA,F1,1.0,0.5,0.5,0.5,0.9,impulses.csv,1.0,full-71-abill,runs/matrix_5x3-v2-BETA-F1/manifest.toml; runs/matrix_5x3-v2-BETA-F1/log.txt,24118732b5e979be74f168c989ba2667b8d5f98d,hermes-agent,"parameters pinned in experiments/designs/matrix_5x3_v2.toml (full-71 A-bill, ADR-0012); planned | executed 2026-09-17 (see runs/matrix_5x3-BETA-F1/manifest.toml) | executed 2026-09-17 (see runs/matrix_5x3-v2-BETA-F1/manifest.toml)"
matrix_5x3-v2-BETA-F2,matrix_5x3_v2,executed,BETA,F2,1.0,0.5,0.5,0.5,0.9,impulses.csv,1.0,full-71-abill,runs/matrix_5x3-v2-BETA-F2/manifest.toml; runs/matrix_5x3-v2-BETA-F2/log.txt,24118732b5e979be74f168c989ba2667b8d5f98d,hermes-agent,"parameters pinned in experiments/designs/matrix_5x3_v2.toml (full-71 A-bill, ADR-0012); planned | executed 2026-09-17 (see runs/matrix_5x3-BETA-F2/manifest.toml) | executed 2026-09-17 (see runs/matrix_5x3-v2-BETA-F2/manifest.toml)"
matrix_5x3-v2-BETA-F3,matrix_5x3_v2,executed,BETA,F3,1.0,0.5,0.5,0.5,0.9,impulses.csv,1.0,full-71-abill,runs/matrix_5x3-v2-BETA-F3/manifest.toml; runs/matrix_5x3-v2-BETA-F3/log.txt,24118732b5e979be74f168c989ba2667b8d5f98d,hermes-agent,"parameters pinned in experiments/designs/matrix_5x3_v2.toml (full-71 A-bill, ADR-0012); planned | executed 2026-09-17 (see runs/matrix_5x3-BETA-F3/manifest.toml) | executed 2026-09-17 (see runs/matrix_5x3-v2-BETA-F3/manifest.toml)"
matrix_5x3-v2-GAMMA-F1,matrix_5x3_v2,executed,GAMMA,F1,1.0,0.0,0.5,0.5,0.9,impulses.csv,1.0,full-71-abill,runs/matrix_5x3-v2-GAMMA-F1/manifest.toml; runs/matrix_5x3-v2-GAMMA-F1/log.txt,24118732b5e979be74f168c989ba2667b8d5f98d,hermes-agent,"parameters pinned in experiments/designs/matrix_5x3_v2.toml (full-71 A-bill, ADR-0012); planned | failed 2026-09-17 (see runs/matrix_5x3-GAMMA-F1/manifest.toml) | executed 2026-09-17 (see runs/matrix_5x3-v2-GAMMA-F1/manifest.toml)"
matrix_5x3-v2-GAMMA-F2,matrix_5x3_v2,executed,GAMMA,F2,1.0,0.0,0.5,0.5,0.9,impulses.csv,1.0,full-71-abill,runs/matrix_5x3-v2-GAMMA-F2/manifest.toml; runs/matrix_5x3-v2-GAMMA-F2/log.txt,24118732b5e979be74f168c989ba2667b8d5f98d,hermes-agent,"parameters pinned in experiments/designs/matrix_5x3_v2.toml (full-71 A-bill, ADR-0012); planned | executed 2026-09-17 (see runs/matrix_5x3-GAMMA-F2/manifest.toml) | executed 2026-09-17 (see runs/matrix_5x3-v2-GAMMA-F2/manifest.toml)"
matrix_5x3-v2-GAMMA-F3,matrix_5x3_v2,executed,GAMMA,F3,1.0,0.0,0.5,0.5,0.9,impulses.csv,1.0,full-71-abill,runs/matrix_5x3-v2-GAMMA-F3/manifest.toml; runs/matrix_5x3-v2-GAMMA-F3/log.txt,24118732b5e979be74f168c989ba2667b8d5f98d,hermes-agent,"parameters pinned in experiments/designs/matrix_5x3_v2.toml (full-71 A-bill, ADR-0012); planned | executed 2026-09-17 (see runs/matrix_5x3-GAMMA-F3/manifest.toml) | executed 2026-09-17 (see runs/matrix_5x3-v2-GAMMA-F3/manifest.toml)"
matrix_5x3-v2-DELTA-F1,matrix_5x3_v2,executed,DELTA,F1,1.0,0.0,0.0001,0.0001,0.0001,impulses.csv,1.0,full-71-abill,runs/matrix_5x3-v2-DELTA-F1/manifest.toml; runs/matrix_5x3-v2-DELTA-F1/log.txt,24118732b5e979be74f168c989ba2667b8d5f98d,hermes-agent,"parameters pinned in experiments/designs/matrix_5x3_v2.toml (full-71 A-bill, ADR-0012); planned | theta/epsilon/sigma = delta_epsilon = 1e-4 (the solved Leontief-limit values; ADR-0006) | failed 2026-09-17 (see runs/matrix_5x3-DELTA-F1/manifest.toml) | executed 2026-09-17 (see runs/matrix_5x3-v2-DELTA-F1/manifest.toml)"
matrix_5x3-v2-DELTA-F2,matrix_5x3_v2,executed,DELTA,F2,1.0,0.0,0.0001,0.0001,0.0001,impulses.csv,1.0,full-71-abill,runs/matrix_5x3-v2-DELTA-F2/manifest.toml; runs/matrix_5x3-v2-DELTA-F2/log.txt,24118732b5e979be74f168c989ba2667b8d5f98d,hermes-agent,"parameters pinned in experiments/designs/matrix_5x3_v2.toml (full-71 A-bill, ADR-0012); planned | theta/epsilon/sigma = delta_epsilon = 1e-4 (the solved Leontief-limit values; ADR-0006) | executed 2026-09-17 (see runs/matrix_5x3-DELTA-F2/manifest.toml) | executed 2026-09-17 (see runs/matrix_5x3-v2-DELTA-F2/manifest.toml)"
matrix_5x3-v2-DELTA-F3,matrix_5x3_v2,executed,DELTA,F3,1.0,0.0,0.0001,0.0001,0.0001,impulses.csv,1.0,full-71-abill,runs/matrix_5x3-v2-DELTA-F3/manifest.toml; runs/matrix_5x3-v2-DELTA-F3/log.txt,24118732b5e979be74f168c989ba2667b8d5f98d,hermes-agent,"parameters pinned in experiments/designs/matrix_5x3_v2.toml (full-71 A-bill, ADR-0012); planned | theta/epsilon/sigma = delta_epsilon = 1e-4 (the solved Leontief-limit values; ADR-0006) | executed 2026-09-17 (see runs/matrix_5x3-DELTA-F3/manifest.toml) | executed 2026-09-17 (see runs/matrix_5x3-v2-DELTA-F3/manifest.toml)"
matrix_5x3-v3-BF-F1,matrix_5x3_v3,executed,BF,F1,0.0,0.0,0.5,0.5,0.9,impulses.csv,1.0,full-71-abill,runs/matrix_5x3-v3-BF-F1/manifest.toml; runs/matrix_5x3-v3-BF-F1/log.txt,3ee1f2f200cd51766a54309abb8631ee38eab935,hermes-agent,"parameters pinned in experiments/designs/matrix_5x3_v3.toml (full-71 A-bill, ADR-0012); planned | executed 2026-09-17 (see runs/matrix_5x3-BF-F1/manifest.toml) | executed 2026-09-18 (see runs/matrix_5x3-v3-BF-F1/manifest.toml)"
matrix_5x3-v3-BF-F2,matrix_5x3_v3,executed,BF,F2,0.0,0.0,0.5,0.5,0.9,impulses.csv,1.0,full-71-abill,runs/matrix_5x3-v3-BF-F2/manifest.toml; runs/matrix_5x3-v3-BF-F2/log.txt,3ee1f2f200cd51766a54309abb8631ee38eab935,hermes-agent,"parameters pinned in experiments/designs/matrix_5x3_v3.toml (full-71 A-bill, ADR-0012); planned | executed 2026-09-17 (see runs/matrix_5x3-BF-F2/manifest.toml) | executed 2026-09-18 (see runs/matrix_5x3-v3-BF-F2/manifest.toml)"
matrix_5x3-v3-BF-F3,matrix_5x3_v3,executed,BF,F3,0.0,0.0,0.5,0.5,0.9,impulses.csv,1.0,full-71-abill,runs/matrix_5x3-v3-BF-F3/manifest.toml; runs/matrix_5x3-v3-BF-F3/log.txt,3ee1f2f200cd51766a54309abb8631ee38eab935,hermes-agent,"parameters pinned in experiments/designs/matrix_5x3_v3.toml (full-71 A-bill, ADR-0012); planned | executed 2026-09-17 (see runs/matrix_5x3-BF-F3/manifest.toml) | executed 2026-09-18 (see runs/matrix_5x3-v3-BF-F3/manifest.toml)"
matrix_5x3-v3-ALPHA-F1,matrix_5x3_v3,executed,ALPHA,F1,1.0,0.0,0.5,0.5,0.9,impulses.csv,1.0,full-71-abill,runs/matrix_5x3-v3-ALPHA-F1/manifest.toml; runs/matrix_5x3-v3-ALPHA-F1/log.txt,3ee1f2f200cd51766a54309abb8631ee38eab935,hermes-agent,"parameters pinned in experiments/designs/matrix_5x3_v3.toml (full-71 A-bill, ADR-0012); planned | executed 2026-09-17 (see runs/matrix_5x3-ALPHA-F1/manifest.toml) | executed 2026-09-18 (see runs/matrix_5x3-v3-ALPHA-F1/manifest.toml)"
matrix_5x3-v3-ALPHA-F2,matrix_5x3_v3,executed,ALPHA,F2,1.0,0.0,0.5,0.5,0.9,impulses.csv,1.0,full-71-abill,runs/matrix_5x3-v3-ALPHA-F2/manifest.toml; runs/matrix_5x3-v3-ALPHA-F2/log.txt,3ee1f2f200cd51766a54309abb8631ee38eab935,hermes-agent,"parameters pinned in experiments/designs/matrix_5x3_v3.toml (full-71 A-bill, ADR-0012); planned | executed 2026-09-17 (see runs/matrix_5x3-ALPHA-F2/manifest.toml) | executed 2026-09-18 (see runs/matrix_5x3-v3-ALPHA-F2/manifest.toml)"
matrix_5x3-v3-ALPHA-F3,matrix_5x3_v3,executed,ALPHA,F3,1.0,0.0,0.5,0.5,0.9,impulses.csv,1.0,full-71-abill,runs/matrix_5x3-v3-ALPHA-F3/manifest.toml; runs/matrix_5x3-v3-ALPHA-F3/log.txt,3ee1f2f200cd51766a54309abb8631ee38eab935,hermes-agent,"parameters pinned in experiments/designs/matrix_5x3_v3.toml (full-71 A-bill, ADR-0012); planned | executed 2026-09-17 (see runs/matrix_5x3-ALPHA-F3/manifest.toml) | executed 2026-09-18 (see runs/matrix_5x3-v3-ALPHA-F3/manifest.toml)"
matrix_5x3-v3-BETA-F1,matrix_5x3_v3,executed,BETA,F1,1.0,0.5,0.5,0.5,0.9,impulses.csv,1.0,full-71-abill,runs/matrix_5x3-v3-BETA-F1/manifest.toml; runs/matrix_5x3-v3-BETA-F1/log.txt,3ee1f2f200cd51766a54309abb8631ee38eab935,hermes-agent,"parameters pinned in experiments/designs/matrix_5x3_v3.toml (full-71 A-bill, ADR-0012); planned | executed 2026-09-17 (see runs/matrix_5x3-BETA-F1/manifest.toml) | executed 2026-09-18 (see runs/matrix_5x3-v3-BETA-F1/manifest.toml)"
matrix_5x3-v3-BETA-F2,matrix_5x3_v3,executed,BETA,F2,1.0,0.5,0.5,0.5,0.9,impulses.csv,1.0,full-71-abill,runs/matrix_5x3-v3-BETA-F2/manifest.toml; runs/matrix_5x3-v3-BETA-F2/log.txt,3ee1f2f200cd51766a54309abb8631ee38eab935,hermes-agent,"parameters pinned in experiments/designs/matrix_5x3_v3.toml (full-71 A-bill, ADR-0012); planned | executed 2026-09-17 (see runs/matrix_5x3-BETA-F2/manifest.toml) | executed 2026-09-18 (see runs/matrix_5x3-v3-BETA-F2/manifest.toml)"
matrix_5x3-v3-BETA-F3,matrix_5x3_v3,executed,BETA,F3,1.0,0.5,0.5,0.5,0.9,impulses.csv,1.0,full-71-abill,runs/matrix_5x3-v3-BETA-F3/manifest.toml; runs/matrix_5x3-v3-BETA-F3/log.txt,3ee1f2f200cd51766a54309abb8631ee38eab935,hermes-agent,"parameters pinned in experiments/designs/matrix_5x3_v3.toml (full-71 A-bill, ADR-0012); planned | executed 2026-09-17 (see runs/matrix_5x3-BETA-F3/manifest.toml) | executed 2026-09-18 (see runs/matrix_5x3-v3-BETA-F3/manifest.toml)"
matrix_5x3-v3-GAMMA-F1,matrix_5x3_v3,executed,GAMMA,F1,1.0,0.0,0.5,0.5,0.9,impulses.csv,1.0,full-71-abill,runs/matrix_5x3-v3-GAMMA-F1/manifest.toml; runs/matrix_5x3-v3-GAMMA-F1/log.txt,3ee1f2f200cd51766a54309abb8631ee38eab935,hermes-agent,"parameters pinned in experiments/designs/matrix_5x3_v3.toml (full-71 A-bill, ADR-0012); planned | failed 2026-09-17 (see runs/matrix_5x3-GAMMA-F1/manifest.toml) | executed 2026-09-18 (see runs/matrix_5x3-v3-GAMMA-F1/manifest.toml)"
matrix_5x3-v3-GAMMA-F2,matrix_5x3_v3,executed,GAMMA,F2,1.0,0.0,0.5,0.5,0.9,impulses.csv,1.0,full-71-abill,runs/matrix_5x3-v3-GAMMA-F2/manifest.toml; runs/matrix_5x3-v3-GAMMA-F2/log.txt,3ee1f2f200cd51766a54309abb8631ee38eab935,hermes-agent,"parameters pinned in experiments/designs/matrix_5x3_v3.toml (full-71 A-bill, ADR-0012); planned | executed 2026-09-17 (see runs/matrix_5x3-GAMMA-F2/manifest.toml) | executed 2026-09-18 (see runs/matrix_5x3-v3-GAMMA-F2/manifest.toml)"
matrix_5x3-v3-GAMMA-F3,matrix_5x3_v3,executed,GAMMA,F3,1.0,0.0,0.5,0.5,0.9,impulses.csv,1.0,full-71-abill,runs/matrix_5x3-v3-GAMMA-F3/manifest.toml; runs/matrix_5x3-v3-GAMMA-F3/log.txt,3ee1f2f200cd51766a54309abb8631ee38eab935,hermes-agent,"parameters pinned in experiments/designs/matrix_5x3_v3.toml (full-71 A-bill, ADR-0012); planned | executed 2026-09-17 (see runs/matrix_5x3-GAMMA-F3/manifest.toml) | executed 2026-09-18 (see runs/matrix_5x3-v3-GAMMA-F3/manifest.toml)"
matrix_5x3-v3-DELTA-F1,matrix_5x3_v3,executed,DELTA,F1,1.0,0.0,0.0001,0.0001,0.0001,impulses.csv,1.0,full-71-abill,runs/matrix_5x3-v3-DELTA-F1/manifest.toml; runs/matrix_5x3-v3-DELTA-F1/log.txt,3ee1f2f200cd51766a54309abb8631ee38eab935,hermes-agent,"parameters pinned in experiments/designs/matrix_5x3_v3.toml (full-71 A-bill, ADR-0012); planned | theta/epsilon/sigma = delta_epsilon = 1e-4 (the solved Leontief-limit values; ADR-0006) | failed 2026-09-17 (see runs/matrix_5x3-DELTA-F1/manifest.toml) | executed 2026-09-18 (see runs/matrix_5x3-v3-DELTA-F1/manifest.toml)"
matrix_5x3-v3-DELTA-F2,matrix_5x3_v3,executed,DELTA,F2,1.0,0.0,0.0001,0.0001,0.0001,impulses.csv,1.0,full-71-abill,runs/matrix_5x3-v3-DELTA-F2/manifest.toml; runs/matrix_5x3-v3-DELTA-F2/log.txt,3ee1f2f200cd51766a54309abb8631ee38eab935,hermes-agent,"parameters pinned in experiments/designs/matrix_5x3_v3.toml (full-71 A-bill, ADR-0012); planned | theta/epsilon/sigma = delta_epsilon = 1e-4 (the solved Leontief-limit values; ADR-0006) | executed 2026-09-17 (see runs/matrix_5x3-DELTA-F2/manifest.toml) | executed 2026-09-18 (see runs/matrix_5x3-v3-DELTA-F2/manifest.toml)"
matrix_5x3-v3-DELTA-F3,matrix_5x3_v3,executed,DELTA,F3,1.0,0.0,0.0001,0.0001,0.0001,impulses.csv,1.0,full-71-abill,runs/matrix_5x3-v3-DELTA-F3/manifest.toml; runs/matrix_5x3-v3-DELTA-F3/log.txt,3ee1f2f200cd51766a54309abb8631ee38eab935,hermes-agent,"parameters pinned in experiments/designs/matrix_5x3_v3.toml (full-71 A-bill, ADR-0012); planned | theta/epsilon/sigma = delta_epsilon = 1e-4 (the solved Leontief-limit values; ADR-0006) | executed 2026-09-17 (see runs/matrix_5x3-DELTA-F3/manifest.toml) | executed 2026-09-18 (see runs/matrix_5x3-v3-DELTA-F3/manifest.toml)"
matrix_5x3-v4-BF-F1,matrix_5x3_v4,executed,BF,F1,0.0,0.0,0.5,0.5,0.9,impulses.csv,1.0,full-71-abill,runs/matrix_5x3-v4-BF-F1/manifest.toml; runs/matrix_5x3-v4-BF-F1/log.txt,3e78c98a89fe05aa2b0bc6814532d3daa5ed0c86,hermes-agent,"parameters pinned in experiments/designs/matrix_5x3_v4.toml (full-71 A-bill, ADR-0012; ADR-0018 measurement generation: income-side real GDP, consumption index = welfare); planned | executed 2026-09-18 (see runs/matrix_5x3-v4-BF-F1/manifest.toml)"
matrix_5x3-v4-BF-F2,matrix_5x3_v4,executed,BF,F2,0.0,0.0,0.5,0.5,0.9,impulses.csv,1.0,full-71-abill,runs/matrix_5x3-v4-BF-F2/manifest.toml; runs/matrix_5x3-v4-BF-F2/log.txt,3e78c98a89fe05aa2b0bc6814532d3daa5ed0c86,hermes-agent,"parameters pinned in experiments/designs/matrix_5x3_v4.toml (full-71 A-bill, ADR-0012; ADR-0018 measurement generation: income-side real GDP, consumption index = welfare); planned | executed 2026-09-18 (see runs/matrix_5x3-v4-BF-F2/manifest.toml)"
matrix_5x3-v4-BF-F3,matrix_5x3_v4,executed,BF,F3,0.0,0.0,0.5,0.5,0.9,impulses.csv,1.0,full-71-abill,runs/matrix_5x3-v4-BF-F3/manifest.toml; runs/matrix_5x3-v4-BF-F3/log.txt,3e78c98a89fe05aa2b0bc6814532d3daa5ed0c86,hermes-agent,"parameters pinned in experiments/designs/matrix_5x3_v4.toml (full-71 A-bill, ADR-0012; ADR-0018 measurement generation: income-side real GDP, consumption index = welfare); planned | executed 2026-09-18 (see runs/matrix_5x3-v4-BF-F3/manifest.toml)"
matrix_5x3-v4-ALPHA-F1,matrix_5x3_v4,executed,ALPHA,F1,1.0,0.0,0.5,0.5,0.9,impulses.csv,1.0,full-71-abill,runs/matrix_5x3-v4-ALPHA-F1/manifest.toml; runs/matrix_5x3-v4-ALPHA-F1/log.txt,3e78c98a89fe05aa2b0bc6814532d3daa5ed0c86,hermes-agent,"parameters pinned in experiments/designs/matrix_5x3_v4.toml (full-71 A-bill, ADR-0012; ADR-0018 measurement generation: income-side real GDP, consumption index = welfare); planned | executed 2026-09-18 (see runs/matrix_5x3-v4-ALPHA-F1/manifest.toml)"
matrix_5x3-v4-ALPHA-F2,matrix_5x3_v4,executed,ALPHA,F2,1.0,0.0,0.5,0.5,0.9,impulses.csv,1.0,full-71-abill,runs/matrix_5x3-v4-ALPHA-F2/manifest.toml; runs/matrix_5x3-v4-ALPHA-F2/log.txt,3e78c98a89fe05aa2b0bc6814532d3daa5ed0c86,hermes-agent,"parameters pinned in experiments/designs/matrix_5x3_v4.toml (full-71 A-bill, ADR-0012; ADR-0018 measurement generation: income-side real GDP, consumption index = welfare); planned | executed 2026-09-18 (see runs/matrix_5x3-v4-ALPHA-F2/manifest.toml)"
matrix_5x3-v4-ALPHA-F3,matrix_5x3_v4,executed,ALPHA,F3,1.0,0.0,0.5,0.5,0.9,impulses.csv,1.0,full-71-abill,runs/matrix_5x3-v4-ALPHA-F3/manifest.toml; runs/matrix_5x3-v4-ALPHA-F3/log.txt,3e78c98a89fe05aa2b0bc6814532d3daa5ed0c86,hermes-agent,"parameters pinned in experiments/designs/matrix_5x3_v4.toml (full-71 A-bill, ADR-0012; ADR-0018 measurement generation: income-side real GDP, consumption index = welfare); planned | executed 2026-09-18 (see runs/matrix_5x3-v4-ALPHA-F3/manifest.toml)"
matrix_5x3-v4-BETA-F1,matrix_5x3_v4,executed,BETA,F1,1.0,0.5,0.5,0.5,0.9,impulses.csv,1.0,full-71-abill,runs/matrix_5x3-v4-BETA-F1/manifest.toml; runs/matrix_5x3-v4-BETA-F1/log.txt,3e78c98a89fe05aa2b0bc6814532d3daa5ed0c86,hermes-agent,"parameters pinned in experiments/designs/matrix_5x3_v4.toml (full-71 A-bill, ADR-0012; ADR-0018 measurement generation: income-side real GDP, consumption index = welfare); planned | executed 2026-09-18 (see runs/matrix_5x3-v4-BETA-F1/manifest.toml)"
matrix_5x3-v4-BETA-F2,matrix_5x3_v4,executed,BETA,F2,1.0,0.5,0.5,0.5,0.9,impulses.csv,1.0,full-71-abill,runs/matrix_5x3-v4-BETA-F2/manifest.toml; runs/matrix_5x3-v4-BETA-F2/log.txt,3e78c98a89fe05aa2b0bc6814532d3daa5ed0c86,hermes-agent,"parameters pinned in experiments/designs/matrix_5x3_v4.toml (full-71 A-bill, ADR-0012; ADR-0018 measurement generation: income-side real GDP, consumption index = welfare); planned | executed 2026-09-18 (see runs/matrix_5x3-v4-BETA-F2/manifest.toml)"
matrix_5x3-v4-BETA-F3,matrix_5x3_v4,executed,BETA,F3,1.0,0.5,0.5,0.5,0.9,impulses.csv,1.0,full-71-abill,runs/matrix_5x3-v4-BETA-F3/manifest.toml; runs/matrix_5x3-v4-BETA-F3/log.txt,3e78c98a89fe05aa2b0bc6814532d3daa5ed0c86,hermes-agent,"parameters pinned in experiments/designs/matrix_5x3_v4.toml (full-71 A-bill, ADR-0012; ADR-0018 measurement generation: income-side real GDP, consumption index = welfare); planned | executed 2026-09-18 (see runs/matrix_5x3-v4-BETA-F3/manifest.toml)"
matrix_5x3-v4-GAMMA-F1,matrix_5x3_v4,executed,GAMMA,F1,1.0,0.0,0.5,0.5,0.9,impulses.csv,1.0,full-71-abill,runs/matrix_5x3-v4-GAMMA-F1/manifest.toml; runs/matrix_5x3-v4-GAMMA-F1/log.txt,3e78c98a89fe05aa2b0bc6814532d3daa5ed0c86,hermes-agent,"parameters pinned in experiments/designs/matrix_5x3_v4.toml (full-71 A-bill, ADR-0012; ADR-0018 measurement generation: income-side real GDP, consumption index = welfare); planned | executed 2026-09-18 (see runs/matrix_5x3-v4-GAMMA-F1/manifest.toml)"
matrix_5x3-v4-GAMMA-F2,matrix_5x3_v4,executed,GAMMA,F2,1.0,0.0,0.5,0.5,0.9,impulses.csv,1.0,full-71-abill,runs/matrix_5x3-v4-GAMMA-F2/manifest.toml; runs/matrix_5x3-v4-GAMMA-F2/log.txt,3e78c98a89fe05aa2b0bc6814532d3daa5ed0c86,hermes-agent,"parameters pinned in experiments/designs/matrix_5x3_v4.toml (full-71 A-bill, ADR-0012; ADR-0018 measurement generation: income-side real GDP, consumption index = welfare); planned | executed 2026-09-18 (see runs/matrix_5x3-v4-GAMMA-F2/manifest.toml)"
matrix_5x3-v4-GAMMA-F3,matrix_5x3_v4,executed,GAMMA,F3,1.0,0.0,0.5,0.5,0.9,impulses.csv,1.0,full-71-abill,runs/matrix_5x3-v4-GAMMA-F3/manifest.toml; runs/matrix_5x3-v4-GAMMA-F3/log.txt,3e78c98a89fe05aa2b0bc6814532d3daa5ed0c86,hermes-agent,"parameters pinned in experiments/designs/matrix_5x3_v4.toml (full-71 A-bill, ADR-0012; ADR-0018 measurement generation: income-side real GDP, consumption index = welfare); planned | executed 2026-09-18 (see runs/matrix_5x3-v4-GAMMA-F3/manifest.toml)"
matrix_5x3-v4-DELTA-F1,matrix_5x3_v4,executed,DELTA,F1,1.0,0.0,0.0001,0.0001,0.0001,impulses.csv,1.0,full-71-abill,runs/matrix_5x3-v4-DELTA-F1/manifest.toml; runs/matrix_5x3-v4-DELTA-F1/log.txt,3e78c98a89fe05aa2b0bc6814532d3daa5ed0c86,hermes-agent,"parameters pinned in experiments/designs/matrix_5x3_v4.toml (full-71 A-bill, ADR-0012; ADR-0018 measurement generation: income-side real GDP, consumption index = welfare); planned | executed 2026-09-18 (see runs/matrix_5x3-v4-DELTA-F1/manifest.toml)"
matrix_5x3-v4-DELTA-F2,matrix_5x3_v4,executed,DELTA,F2,1.0,0.0,0.0001,0.0001,0.0001,impulses.csv,1.0,full-71-abill,runs/matrix_5x3-v4-DELTA-F2/manifest.toml; runs/matrix_5x3-v4-DELTA-F2/log.txt,3e78c98a89fe05aa2b0bc6814532d3daa5ed0c86,hermes-agent,"parameters pinned in experiments/designs/matrix_5x3_v4.toml (full-71 A-bill, ADR-0012; ADR-0018 measurement generation: income-side real GDP, consumption index = welfare); planned | executed 2026-09-18 (see runs/matrix_5x3-v4-DELTA-F2/manifest.toml)"
matrix_5x3-v4-DELTA-F3,matrix_5x3_v4,executed,DELTA,F3,1.0,0.0,0.0001,0.0001,0.0001,impulses.csv,1.0,full-71-abill,runs/matrix_5x3-v4-DELTA-F3/manifest.toml; runs/matrix_5x3-v4-DELTA-F3/log.txt,3e78c98a89fe05aa2b0bc6814532d3daa5ed0c86,hermes-agent,"parameters pinned in experiments/designs/matrix_5x3_v4.toml (full-71 A-bill, ADR-0012; ADR-0018 measurement generation: income-side real GDP, consumption index = welfare); planned | executed 2026-09-18 (see runs/matrix_5x3-v4-DELTA-F3/manifest.toml)"
matrix_5x3-v5-BF-F1,matrix_5x3_v5,executed,BF,F1,0.0,0.0,0.5,0.5,0.9,impulses.csv,1.0,full-71-abill,runs/matrix_5x3-v5-BF-F1/manifest.toml; runs/matrix_5x3-v5-BF-F1/log.txt,49d7999dece02ea584dad0235a9f7683833229c2,hermes-agent,"parameters pinned in experiments/designs/matrix_5x3_v5.toml (full-71 A-bill, ADR-0012; ADR-0019 external-account generation) | executed 2026-09-18 (see runs/matrix_5x3-v5-BF-F1/manifest.toml)"
matrix_5x3-v5-BF-F2,matrix_5x3_v5,executed,BF,F2,0.0,0.0,0.5,0.5,0.9,impulses.csv,1.0,full-71-abill,runs/matrix_5x3-v5-BF-F2/manifest.toml; runs/matrix_5x3-v5-BF-F2/log.txt,49d7999dece02ea584dad0235a9f7683833229c2,hermes-agent,"parameters pinned in experiments/designs/matrix_5x3_v5.toml (full-71 A-bill, ADR-0012; ADR-0019 external-account generation) | executed 2026-09-18 (see runs/matrix_5x3-v5-BF-F2/manifest.toml)"
matrix_5x3-v5-BF-F3,matrix_5x3_v5,executed,BF,F3,0.0,0.0,0.5,0.5,0.9,impulses.csv,1.0,full-71-abill,runs/matrix_5x3-v5-BF-F3/manifest.toml; runs/matrix_5x3-v5-BF-F3/log.txt,49d7999dece02ea584dad0235a9f7683833229c2,hermes-agent,"parameters pinned in experiments/designs/matrix_5x3_v5.toml (full-71 A-bill, ADR-0012; ADR-0019 external-account generation) | executed 2026-09-18 (see runs/matrix_5x3-v5-BF-F3/manifest.toml)"
matrix_5x3-v5-ALPHA-F1,matrix_5x3_v5,executed,ALPHA,F1,1.0,0.0,0.5,0.5,0.9,impulses.csv,1.0,full-71-abill,runs/matrix_5x3-v5-ALPHA-F1/manifest.toml; runs/matrix_5x3-v5-ALPHA-F1/log.txt,49d7999dece02ea584dad0235a9f7683833229c2,hermes-agent,"parameters pinned in experiments/designs/matrix_5x3_v5.toml (full-71 A-bill, ADR-0012; ADR-0019 external-account generation) | executed 2026-09-18 (see runs/matrix_5x3-v5-ALPHA-F1/manifest.toml)"
matrix_5x3-v5-ALPHA-F2,matrix_5x3_v5,executed,ALPHA,F2,1.0,0.0,0.5,0.5,0.9,impulses.csv,1.0,full-71-abill,runs/matrix_5x3-v5-ALPHA-F2/manifest.toml; runs/matrix_5x3-v5-ALPHA-F2/log.txt,49d7999dece02ea584dad0235a9f7683833229c2,hermes-agent,"parameters pinned in experiments/designs/matrix_5x3_v5.toml (full-71 A-bill, ADR-0012; ADR-0019 external-account generation) | executed 2026-09-18 (see runs/matrix_5x3-v5-ALPHA-F2/manifest.toml)"
matrix_5x3-v5-ALPHA-F3,matrix_5x3_v5,executed,ALPHA,F3,1.0,0.0,0.5,0.5,0.9,impulses.csv,1.0,full-71-abill,runs/matrix_5x3-v5-ALPHA-F3/manifest.toml; runs/matrix_5x3-v5-ALPHA-F3/log.txt,49d7999dece02ea584dad0235a9f7683833229c2,hermes-agent,"parameters pinned in experiments/designs/matrix_5x3_v5.toml (full-71 A-bill, ADR-0012; ADR-0019 external-account generation) | executed 2026-09-18 (see runs/matrix_5x3-v5-ALPHA-F3/manifest.toml)"
matrix_5x3-v5-BETA-F1,matrix_5x3_v5,executed,BETA,F1,1.0,0.5,0.5,0.5,0.9,impulses.csv,1.0,full-71-abill,runs/matrix_5x3-v5-BETA-F1/manifest.toml; runs/matrix_5x3-v5-BETA-F1/log.txt,49d7999dece02ea584dad0235a9f7683833229c2,hermes-agent,"parameters pinned in experiments/designs/matrix_5x3_v5.toml (full-71 A-bill, ADR-0012; ADR-0019 external-account generation) | executed 2026-09-18 (see runs/matrix_5x3-v5-BETA-F1/manifest.toml)"
matrix_5x3-v5-BETA-F2,matrix_5x3_v5,executed,BETA,F2,1.0,0.5,0.5,0.5,0.9,impulses.csv,1.0,full-71-abill,runs/matrix_5x3-v5-BETA-F2/manifest.toml; runs/matrix_5x3-v5-BETA-F2/log.txt,49d7999dece02ea584dad0235a9f7683833229c2,hermes-agent,"parameters pinned in experiments/designs/matrix_5x3_v5.toml (full-71 A-bill, ADR-0012; ADR-0019 external-account generation) | executed 2026-09-18 (see runs/matrix_5x3-v5-BETA-F2/manifest.toml)"
matrix_5x3-v5-BETA-F3,matrix_5x3_v5,executed,BETA,F3,1.0,0.5,0.5,0.5,0.9,impulses.csv,1.0,full-71-abill,runs/matrix_5x3-v5-BETA-F3/manifest.toml; runs/matrix_5x3-v5-BETA-F3/log.txt,49d7999dece02ea584dad0235a9f7683833229c2,hermes-agent,"parameters pinned in experiments/designs/matrix_5x3_v5.toml (full-71 A-bill, ADR-0012; ADR-0019 external-account generation) | executed 2026-09-18 (see runs/matrix_5x3-v5-BETA-F3/manifest.toml)"
matrix_5x3-v5-GAMMA-F1,matrix_5x3_v5,executed,GAMMA,F1,1.0,0.0,0.5,0.5,0.9,impulses.csv,1.0,full-71-abill,runs/matrix_5x3-v5-GAMMA-F1/manifest.toml; runs/matrix_5x3-v5-GAMMA-F1/log.txt,49d7999dece02ea584dad0235a9f7683833229c2,hermes-agent,"parameters pinned in experiments/designs/matrix_5x3_v5.toml (full-71 A-bill, ADR-0012; ADR-0019 external-account generation) | executed 2026-09-18 (see runs/matrix_5x3-v5-GAMMA-F1/manifest.toml)"
matrix_5x3-v5-GAMMA-F2,matrix_5x3_v5,executed,GAMMA,F2,1.0,0.0,0.5,0.5,0.9,impulses.csv,1.0,full-71-abill,runs/matrix_5x3-v5-GAMMA-F2/manifest.toml; runs/matrix_5x3-v5-GAMMA-F2/log.txt,49d7999dece02ea584dad0235a9f7683833229c2,hermes-agent,"parameters pinned in experiments/designs/matrix_5x3_v5.toml (full-71 A-bill, ADR-0012; ADR-0019 external-account generation) | executed 2026-09-18 (see runs/matrix_5x3-v5-GAMMA-F2/manifest.toml)"
matrix_5x3-v5-GAMMA-F3,matrix_5x3_v5,executed,GAMMA,F3,1.0,0.0,0.5,0.5,0.9,impulses.csv,1.0,full-71-abill,runs/matrix_5x3-v5-GAMMA-F3/manifest.toml; runs/matrix_5x3-v5-GAMMA-F3/log.txt,49d7999dece02ea584dad0235a9f7683833229c2,hermes-agent,"parameters pinned in experiments/designs/matrix_5x3_v5.toml (full-71 A-bill, ADR-0012; ADR-0019 external-account generation) | executed 2026-09-18 (see runs/matrix_5x3-v5-GAMMA-F3/manifest.toml)"
matrix_5x3-v5-DELTA-F1,matrix_5x3_v5,executed,DELTA,F1,1.0,0.0,0.0001,0.0001,0.0001,impulses.csv,1.0,full-71-abill,runs/matrix_5x3-v5-DELTA-F1/manifest.toml; runs/matrix_5x3-v5-DELTA-F1/log.txt,49d7999dece02ea584dad0235a9f7683833229c2,hermes-agent,"parameters pinned in experiments/designs/matrix_5x3_v5.toml (full-71 A-bill, ADR-0012; ADR-0019 external-account generation) | executed 2026-09-18 (see runs/matrix_5x3-v5-DELTA-F1/manifest.toml)"
matrix_5x3-v5-DELTA-F2,matrix_5x3_v5,executed,DELTA,F2,1.0,0.0,0.0001,0.0001,0.0001,impulses.csv,1.0,full-71-abill,runs/matrix_5x3-v5-DELTA-F2/manifest.toml; runs/matrix_5x3-v5-DELTA-F2/log.txt,49d7999dece02ea584dad0235a9f7683833229c2,hermes-agent,"parameters pinned in experiments/designs/matrix_5x3_v5.toml (full-71 A-bill, ADR-0012; ADR-0019 external-account generation) | executed 2026-09-18 (see runs/matrix_5x3-v5-DELTA-F2/manifest.toml)"
matrix_5x3-v5-DELTA-F3,matrix_5x3_v5,executed,DELTA,F3,1.0,0.0,0.0001,0.0001,0.0001,impulses.csv,1.0,full-71-abill,runs/matrix_5x3-v5-DELTA-F3/manifest.toml; runs/matrix_5x3-v5-DELTA-F3/log.txt,49d7999dece02ea584dad0235a9f7683833229c2,hermes-agent,"parameters pinned in experiments/designs/matrix_5x3_v5.toml (full-71 A-bill, ADR-0012; ADR-0019 external-account generation) | executed 2026-09-18 (see runs/matrix_5x3-v5-DELTA-F3/manifest.toml)"
matrix_5x3-v6-BF-F1,matrix_5x3_v6,executed,BF,F1,0.0,0.0,0.5,0.5,0.9,impulses.csv,1.0,full-71-abill,runs/matrix_5x3-v6-BF-F1/manifest.toml; runs/matrix_5x3-v6-BF-F1/log.txt,6db1da59fa5582a31c249714d59ca3ba27e8937f,hermes-agent,"parameters pinned in experiments/designs/matrix_5x3_v6.toml (full-71 A-bill, ADR-0012; ADR-0020 sectoral-wage eta = 0 endpoint) | planned | failed 2026-09-18 (see runs/matrix_5x3-v6-BF-F1/manifest.toml) | executed 2026-09-18 (see runs/matrix_5x3-v6-BF-F1/manifest.toml)"
matrix_5x3-v6-BF-F2,matrix_5x3_v6,executed,BF,F2,0.0,0.0,0.5,0.5,0.9,impulses.csv,1.0,full-71-abill,runs/matrix_5x3-v6-BF-F2/manifest.toml; runs/matrix_5x3-v6-BF-F2/log.txt,6db1da59fa5582a31c249714d59ca3ba27e8937f,hermes-agent,"parameters pinned in experiments/designs/matrix_5x3_v6.toml (full-71 A-bill, ADR-0012; ADR-0020 sectoral-wage eta = 0 endpoint) | planned | failed 2026-09-18 (see runs/matrix_5x3-v6-BF-F2/manifest.toml) | executed 2026-09-18 (see runs/matrix_5x3-v6-BF-F2/manifest.toml)"
matrix_5x3-v6-BF-F3,matrix_5x3_v6,executed,BF,F3,0.0,0.0,0.5,0.5,0.9,impulses.csv,1.0,full-71-abill,runs/matrix_5x3-v6-BF-F3/manifest.toml; runs/matrix_5x3-v6-BF-F3/log.txt,6db1da59fa5582a31c249714d59ca3ba27e8937f,hermes-agent,"parameters pinned in experiments/designs/matrix_5x3_v6.toml (full-71 A-bill, ADR-0012; ADR-0020 sectoral-wage eta = 0 endpoint) | planned | failed 2026-09-18 (see runs/matrix_5x3-v6-BF-F3/manifest.toml) | executed 2026-09-18 (see runs/matrix_5x3-v6-BF-F3/manifest.toml)"
matrix_5x3-v6-ALPHA-F1,matrix_5x3_v6,executed,ALPHA,F1,1.0,0.0,0.5,0.5,0.9,impulses.csv,1.0,full-71-abill,runs/matrix_5x3-v6-ALPHA-F1/manifest.toml; runs/matrix_5x3-v6-ALPHA-F1/log.txt,6db1da59fa5582a31c249714d59ca3ba27e8937f,hermes-agent,"parameters pinned in experiments/designs/matrix_5x3_v6.toml (full-71 A-bill, ADR-0012; ADR-0020 sectoral-wage eta = 0 endpoint) | planned | executed 2026-09-18 (see runs/matrix_5x3-v6-ALPHA-F1/manifest.toml) | executed 2026-09-18 (see runs/matrix_5x3-v6-ALPHA-F1/manifest.toml)"
matrix_5x3-v6-ALPHA-F2,matrix_5x3_v6,executed,ALPHA,F2,1.0,0.0,0.5,0.5,0.9,impulses.csv,1.0,full-71-abill,runs/matrix_5x3-v6-ALPHA-F2/manifest.toml; runs/matrix_5x3-v6-ALPHA-F2/log.txt,6db1da59fa5582a31c249714d59ca3ba27e8937f,hermes-agent,"parameters pinned in experiments/designs/matrix_5x3_v6.toml (full-71 A-bill, ADR-0012; ADR-0020 sectoral-wage eta = 0 endpoint) | planned | executed 2026-09-18 (see runs/matrix_5x3-v6-ALPHA-F2/manifest.toml) | executed 2026-09-18 (see runs/matrix_5x3-v6-ALPHA-F2/manifest.toml)"
matrix_5x3-v6-ALPHA-F3,matrix_5x3_v6,executed,ALPHA,F3,1.0,0.0,0.5,0.5,0.9,impulses.csv,1.0,full-71-abill,runs/matrix_5x3-v6-ALPHA-F3/manifest.toml; runs/matrix_5x3-v6-ALPHA-F3/log.txt,6db1da59fa5582a31c249714d59ca3ba27e8937f,hermes-agent,"parameters pinned in experiments/designs/matrix_5x3_v6.toml (full-71 A-bill, ADR-0012; ADR-0020 sectoral-wage eta = 0 endpoint) | planned | executed 2026-09-18 (see runs/matrix_5x3-v6-ALPHA-F3/manifest.toml) | executed 2026-09-18 (see runs/matrix_5x3-v6-ALPHA-F3/manifest.toml)"
matrix_5x3-v6-BETA-F1,matrix_5x3_v6,executed,BETA,F1,1.0,0.5,0.5,0.5,0.9,impulses.csv,1.0,full-71-abill,runs/matrix_5x3-v6-BETA-F1/manifest.toml; runs/matrix_5x3-v6-BETA-F1/log.txt,6db1da59fa5582a31c249714d59ca3ba27e8937f,hermes-agent,"parameters pinned in experiments/designs/matrix_5x3_v6.toml (full-71 A-bill, ADR-0012; ADR-0020 sectoral-wage eta = 0 endpoint) | planned | executed 2026-09-18 (see runs/matrix_5x3-v6-BETA-F1/manifest.toml) | executed 2026-09-18 (see runs/matrix_5x3-v6-BETA-F1/manifest.toml)"
matrix_5x3-v6-BETA-F2,matrix_5x3_v6,executed,BETA,F2,1.0,0.5,0.5,0.5,0.9,impulses.csv,1.0,full-71-abill,runs/matrix_5x3-v6-BETA-F2/manifest.toml; runs/matrix_5x3-v6-BETA-F2/log.txt,6db1da59fa5582a31c249714d59ca3ba27e8937f,hermes-agent,"parameters pinned in experiments/designs/matrix_5x3_v6.toml (full-71 A-bill, ADR-0012; ADR-0020 sectoral-wage eta = 0 endpoint) | planned | executed 2026-09-18 (see runs/matrix_5x3-v6-BETA-F2/manifest.toml) | executed 2026-09-18 (see runs/matrix_5x3-v6-BETA-F2/manifest.toml)"
matrix_5x3-v6-BETA-F3,matrix_5x3_v6,executed,BETA,F3,1.0,0.5,0.5,0.5,0.9,impulses.csv,1.0,full-71-abill,runs/matrix_5x3-v6-BETA-F3/manifest.toml; runs/matrix_5x3-v6-BETA-F3/log.txt,6db1da59fa5582a31c249714d59ca3ba27e8937f,hermes-agent,"parameters pinned in experiments/designs/matrix_5x3_v6.toml (full-71 A-bill, ADR-0012; ADR-0020 sectoral-wage eta = 0 endpoint) | planned | executed 2026-09-18 (see runs/matrix_5x3-v6-BETA-F3/manifest.toml) | executed 2026-09-18 (see runs/matrix_5x3-v6-BETA-F3/manifest.toml)"
matrix_5x3-v6-GAMMA-F1,matrix_5x3_v6,executed,GAMMA,F1,1.0,0.0,0.5,0.5,0.9,impulses.csv,1.0,full-71-abill,runs/matrix_5x3-v6-GAMMA-F1/manifest.toml; runs/matrix_5x3-v6-GAMMA-F1/log.txt,6db1da59fa5582a31c249714d59ca3ba27e8937f,hermes-agent,"parameters pinned in experiments/designs/matrix_5x3_v6.toml (full-71 A-bill, ADR-0012; ADR-0020 sectoral-wage eta = 0 endpoint) | planned | executed 2026-09-18 (see runs/matrix_5x3-v6-GAMMA-F1/manifest.toml) | executed 2026-09-18 (see runs/matrix_5x3-v6-GAMMA-F1/manifest.toml)"
matrix_5x3-v6-GAMMA-F2,matrix_5x3_v6,executed,GAMMA,F2,1.0,0.0,0.5,0.5,0.9,impulses.csv,1.0,full-71-abill,runs/matrix_5x3-v6-GAMMA-F2/manifest.toml; runs/matrix_5x3-v6-GAMMA-F2/log.txt,6db1da59fa5582a31c249714d59ca3ba27e8937f,hermes-agent,"parameters pinned in experiments/designs/matrix_5x3_v6.toml (full-71 A-bill, ADR-0012; ADR-0020 sectoral-wage eta = 0 endpoint) | planned | executed 2026-09-18 (see runs/matrix_5x3-v6-GAMMA-F2/manifest.toml) | executed 2026-09-18 (see runs/matrix_5x3-v6-GAMMA-F2/manifest.toml)"
matrix_5x3-v6-GAMMA-F3,matrix_5x3_v6,executed,GAMMA,F3,1.0,0.0,0.5,0.5,0.9,impulses.csv,1.0,full-71-abill,runs/matrix_5x3-v6-GAMMA-F3/manifest.toml; runs/matrix_5x3-v6-GAMMA-F3/log.txt,6db1da59fa5582a31c249714d59ca3ba27e8937f,hermes-agent,"parameters pinned in experiments/designs/matrix_5x3_v6.toml (full-71 A-bill, ADR-0012; ADR-0020 sectoral-wage eta = 0 endpoint) | planned | executed 2026-09-18 (see runs/matrix_5x3-v6-GAMMA-F3/manifest.toml) | executed 2026-09-18 (see runs/matrix_5x3-v6-GAMMA-F3/manifest.toml)"
matrix_5x3-v6-DELTA-F1,matrix_5x3_v6,executed,DELTA,F1,1.0,0.0,0.0001,0.0001,0.0001,impulses.csv,1.0,full-71-abill,runs/matrix_5x3-v6-DELTA-F1/manifest.toml; runs/matrix_5x3-v6-DELTA-F1/log.txt,6db1da59fa5582a31c249714d59ca3ba27e8937f,hermes-agent,"parameters pinned in experiments/designs/matrix_5x3_v6.toml (full-71 A-bill, ADR-0012; ADR-0020 sectoral-wage eta = 0 endpoint) | planned | executed 2026-09-18 (see runs/matrix_5x3-v6-DELTA-F1/manifest.toml) | executed 2026-09-18 (see runs/matrix_5x3-v6-DELTA-F1/manifest.toml)"
matrix_5x3-v6-DELTA-F2,matrix_5x3_v6,executed,DELTA,F2,1.0,0.0,0.0001,0.0001,0.0001,impulses.csv,1.0,full-71-abill,runs/matrix_5x3-v6-DELTA-F2/manifest.toml; runs/matrix_5x3-v6-DELTA-F2/log.txt,6db1da59fa5582a31c249714d59ca3ba27e8937f,hermes-agent,"parameters pinned in experiments/designs/matrix_5x3_v6.toml (full-71 A-bill, ADR-0012; ADR-0020 sectoral-wage eta = 0 endpoint) | planned | executed 2026-09-18 (see runs/matrix_5x3-v6-DELTA-F2/manifest.toml) | executed 2026-09-18 (see runs/matrix_5x3-v6-DELTA-F2/manifest.toml)"
matrix_5x3-v6-DELTA-F3,matrix_5x3_v6,executed,DELTA,F3,1.0,0.0,0.0001,0.0001,0.0001,impulses.csv,1.0,full-71-abill,runs/matrix_5x3-v6-DELTA-F3/manifest.toml; runs/matrix_5x3-v6-DELTA-F3/log.txt,6db1da59fa5582a31c249714d59ca3ba27e8937f,hermes-agent,"parameters pinned in experiments/designs/matrix_5x3_v6.toml (full-71 A-bill, ADR-0012; ADR-0020 sectoral-wage eta = 0 endpoint) | planned | executed 2026-09-18 (see runs/matrix_5x3-v6-DELTA-F3/manifest.toml) | executed 2026-09-18 (see runs/matrix_5x3-v6-DELTA-F3/manifest.toml)"
matrix_5x3-v7-BF-F1,matrix_5x3_v7,executed,BF,F1,0.0,0.0,0.5,0.5,0.9,impulses.csv,1.0,full-71-abill,runs/matrix_5x3-v7-BF-F1/manifest.toml; runs/matrix_5x3-v7-BF-F1/log.txt,bc83d5ae9df9d5191c76e1e46fb3f21eef7d88bb,"","parameters pinned in experiments/designs/matrix_5x3_v7.toml (full-71 A-bill, ADR-0022 sectoral labour markets); planned | executed 2026-09-19 (see runs/matrix_5x3-v7-BF-F1/manifest.toml)"
matrix_5x3-v7-BF-F2,matrix_5x3_v7,executed,BF,F2,0.0,0.0,0.5,0.5,0.9,impulses.csv,1.0,full-71-abill,runs/matrix_5x3-v7-BF-F2/manifest.toml; runs/matrix_5x3-v7-BF-F2/log.txt,bc83d5ae9df9d5191c76e1e46fb3f21eef7d88bb,"","parameters pinned in experiments/designs/matrix_5x3_v7.toml (full-71 A-bill, ADR-0022 sectoral labour markets); planned | executed 2026-09-19 (see runs/matrix_5x3-v7-BF-F2/manifest.toml)"
matrix_5x3-v7-BF-F3,matrix_5x3_v7,executed,BF,F3,0.0,0.0,0.5,0.5,0.9,impulses.csv,1.0,full-71-abill,runs/matrix_5x3-v7-BF-F3/manifest.toml; runs/matrix_5x3-v7-BF-F3/log.txt,bc83d5ae9df9d5191c76e1e46fb3f21eef7d88bb,"","parameters pinned in experiments/designs/matrix_5x3_v7.toml (full-71 A-bill, ADR-0022 sectoral labour markets); planned | executed 2026-09-19 (see runs/matrix_5x3-v7-BF-F3/manifest.toml)"
matrix_5x3-v7-ALPHA-F1,matrix_5x3_v7,executed,ALPHA,F1,1.0,0.0,0.5,0.5,0.9,impulses.csv,1.0,full-71-abill,runs/matrix_5x3-v7-ALPHA-F1/manifest.toml; runs/matrix_5x3-v7-ALPHA-F1/log.txt,bc83d5ae9df9d5191c76e1e46fb3f21eef7d88bb,"","parameters pinned in experiments/designs/matrix_5x3_v7.toml (full-71 A-bill, ADR-0022 sectoral labour markets); planned | executed 2026-09-19 (see runs/matrix_5x3-v7-ALPHA-F1/manifest.toml)"
matrix_5x3-v7-ALPHA-F2,matrix_5x3_v7,executed,ALPHA,F2,1.0,0.0,0.5,0.5,0.9,impulses.csv,1.0,full-71-abill,runs/matrix_5x3-v7-ALPHA-F2/manifest.toml; runs/matrix_5x3-v7-ALPHA-F2/log.txt,bc83d5ae9df9d5191c76e1e46fb3f21eef7d88bb,"","parameters pinned in experiments/designs/matrix_5x3_v7.toml (full-71 A-bill, ADR-0022 sectoral labour markets); planned | executed 2026-09-19 (see runs/matrix_5x3-v7-ALPHA-F2/manifest.toml)"
matrix_5x3-v7-ALPHA-F3,matrix_5x3_v7,executed,ALPHA,F3,1.0,0.0,0.5,0.5,0.9,impulses.csv,1.0,full-71-abill,runs/matrix_5x3-v7-ALPHA-F3/manifest.toml; runs/matrix_5x3-v7-ALPHA-F3/log.txt,bc83d5ae9df9d5191c76e1e46fb3f21eef7d88bb,"","parameters pinned in experiments/designs/matrix_5x3_v7.toml (full-71 A-bill, ADR-0022 sectoral labour markets); planned | executed 2026-09-19 (see runs/matrix_5x3-v7-ALPHA-F3/manifest.toml)"
matrix_5x3-v7-BETA-F1,matrix_5x3_v7,executed,BETA,F1,1.0,0.5,0.5,0.5,0.9,impulses.csv,1.0,full-71-abill,runs/matrix_5x3-v7-BETA-F1/manifest.toml; runs/matrix_5x3-v7-BETA-F1/log.txt,bc83d5ae9df9d5191c76e1e46fb3f21eef7d88bb,"","parameters pinned in experiments/designs/matrix_5x3_v7.toml (full-71 A-bill, ADR-0022 sectoral labour markets); planned | executed 2026-09-19 (see runs/matrix_5x3-v7-BETA-F1/manifest.toml)"
matrix_5x3-v7-BETA-F2,matrix_5x3_v7,executed,BETA,F2,1.0,0.5,0.5,0.5,0.9,impulses.csv,1.0,full-71-abill,runs/matrix_5x3-v7-BETA-F2/manifest.toml; runs/matrix_5x3-v7-BETA-F2/log.txt,bc83d5ae9df9d5191c76e1e46fb3f21eef7d88bb,"","parameters pinned in experiments/designs/matrix_5x3_v7.toml (full-71 A-bill, ADR-0022 sectoral labour markets); planned | executed 2026-09-19 (see runs/matrix_5x3-v7-BETA-F2/manifest.toml)"
matrix_5x3-v7-BETA-F3,matrix_5x3_v7,executed,BETA,F3,1.0,0.5,0.5,0.5,0.9,impulses.csv,1.0,full-71-abill,runs/matrix_5x3-v7-BETA-F3/manifest.toml; runs/matrix_5x3-v7-BETA-F3/log.txt,bc83d5ae9df9d5191c76e1e46fb3f21eef7d88bb,"","parameters pinned in experiments/designs/matrix_5x3_v7.toml (full-71 A-bill, ADR-0022 sectoral labour markets); planned | executed 2026-09-19 (see runs/matrix_5x3-v7-BETA-F3/manifest.toml)"
matrix_5x3-v7-GAMMA-F1,matrix_5x3_v7,executed,GAMMA,F1,1.0,0.0,0.5,0.5,0.9,impulses.csv,1.0,full-71-abill,runs/matrix_5x3-v7-GAMMA-F1/manifest.toml; runs/matrix_5x3-v7-GAMMA-F1/log.txt,bc83d5ae9df9d5191c76e1e46fb3f21eef7d88bb,"","parameters pinned in experiments/designs/matrix_5x3_v7.toml (full-71 A-bill, ADR-0022 sectoral labour markets); planned | executed 2026-09-19 (see runs/matrix_5x3-v7-GAMMA-F1/manifest.toml)"
matrix_5x3-v7-GAMMA-F2,matrix_5x3_v7,executed,GAMMA,F2,1.0,0.0,0.5,0.5,0.9,impulses.csv,1.0,full-71-abill,runs/matrix_5x3-v7-GAMMA-F2/manifest.toml; runs/matrix_5x3-v7-GAMMA-F2/log.txt,bc83d5ae9df9d5191c76e1e46fb3f21eef7d88bb,"","parameters pinned in experiments/designs/matrix_5x3_v7.toml (full-71 A-bill, ADR-0022 sectoral labour markets); planned | executed 2026-09-19 (see runs/matrix_5x3-v7-GAMMA-F2/manifest.toml)"
matrix_5x3-v7-GAMMA-F3,matrix_5x3_v7,executed,GAMMA,F3,1.0,0.0,0.5,0.5,0.9,impulses.csv,1.0,full-71-abill,runs/matrix_5x3-v7-GAMMA-F3/manifest.toml; runs/matrix_5x3-v7-GAMMA-F3/log.txt,bc83d5ae9df9d5191c76e1e46fb3f21eef7d88bb,"","parameters pinned in experiments/designs/matrix_5x3_v7.toml (full-71 A-bill, ADR-0022 sectoral labour markets); planned | executed 2026-09-19 (see runs/matrix_5x3-v7-GAMMA-F3/manifest.toml)"
matrix_5x3-v7-DELTA-F1,matrix_5x3_v7,executed,DELTA,F1,1.0,0.0,0.0001,0.0001,0.0001,impulses.csv,1.0,full-71-abill,runs/matrix_5x3-v7-DELTA-F1/manifest.toml; runs/matrix_5x3-v7-DELTA-F1/log.txt,bc83d5ae9df9d5191c76e1e46fb3f21eef7d88bb,"","parameters pinned in experiments/designs/matrix_5x3_v7.toml (full-71 A-bill, ADR-0022 sectoral labour markets); planned | executed 2026-09-19 (see runs/matrix_5x3-v7-DELTA-F1/manifest.toml)"
matrix_5x3-v7-DELTA-F2,matrix_5x3_v7,executed,DELTA,F2,1.0,0.0,0.0001,0.0001,0.0001,impulses.csv,1.0,full-71-abill,runs/matrix_5x3-v7-DELTA-F2/manifest.toml; runs/matrix_5x3-v7-DELTA-F2/log.txt,bc83d5ae9df9d5191c76e1e46fb3f21eef7d88bb,"","parameters pinned in experiments/designs/matrix_5x3_v7.toml (full-71 A-bill, ADR-0022 sectoral labour markets); planned | executed 2026-09-19 (see runs/matrix_5x3-v7-DELTA-F2/manifest.toml)"
matrix_5x3-v7-DELTA-F3,matrix_5x3_v7,executed,DELTA,F3,1.0,0.0,0.0001,0.0001,0.0001,impulses.csv,1.0,full-71-abill,runs/matrix_5x3-v7-DELTA-F3/manifest.toml; runs/matrix_5x3-v7-DELTA-F3/log.txt,bc83d5ae9df9d5191c76e1e46fb3f21eef7d88bb,"","parameters pinned in experiments/designs/matrix_5x3_v7.toml (full-71 A-bill, ADR-0022 sectoral labour markets); planned | executed 2026-09-19 (see runs/matrix_5x3-v7-DELTA-F3/manifest.toml)"
matrix_5x3-v7-BETA-F1-etas025,matrix_5x3_v7,failed,BETA,F1,1.0,0.25,0.5,0.5,0.9,impulses.csv,1.0,full-71-abill,runs/matrix_5x3-v7-BETA-F1-etas025/manifest.toml; runs/matrix_5x3-v7-BETA-F1-etas025/log.txt,bc83d5ae9df9d5191c76e1e46fb3f21eef7d88bb,"","parameters pinned in experiments/designs/matrix_5x3_v7.toml (full-71 A-bill, ADR-0022 sectoral labour markets); planned | failed 2026-09-19 (see runs/matrix_5x3-v7-BETA-F1-etas025/manifest.toml) | failed at gate evaluation on the incomplete promotion: the SectoralElasticLaborClosure had no diagnostics method (fixed in the same session; superseded by matrix_5x3_v8)"
matrix_5x3-v7-BETA-F2-etas025,matrix_5x3_v7,failed,BETA,F2,1.0,0.25,0.5,0.5,0.9,impulses.csv,1.0,full-71-abill,runs/matrix_5x3-v7-BETA-F2-etas025/manifest.toml; runs/matrix_5x3-v7-BETA-F2-etas025/log.txt,bc83d5ae9df9d5191c76e1e46fb3f21eef7d88bb,"","parameters pinned in experiments/designs/matrix_5x3_v7.toml (full-71 A-bill, ADR-0022 sectoral labour markets); planned | failed 2026-09-19 (see runs/matrix_5x3-v7-BETA-F2-etas025/manifest.toml) | failed at gate evaluation on the incomplete promotion: the SectoralElasticLaborClosure had no diagnostics method (fixed in the same session; superseded by matrix_5x3_v8)"
matrix_5x3-v7-BETA-F3-etas025,matrix_5x3_v7,failed,BETA,F3,1.0,0.25,0.5,0.5,0.9,impulses.csv,1.0,full-71-abill,runs/matrix_5x3-v7-BETA-F3-etas025/manifest.toml; runs/matrix_5x3-v7-BETA-F3-etas025/log.txt,bc83d5ae9df9d5191c76e1e46fb3f21eef7d88bb,"","parameters pinned in experiments/designs/matrix_5x3_v7.toml (full-71 A-bill, ADR-0022 sectoral labour markets); planned | failed 2026-09-19 (see runs/matrix_5x3-v7-BETA-F3-etas025/manifest.toml) | failed at gate evaluation on the incomplete promotion: the SectoralElasticLaborClosure had no diagnostics method (fixed in the same session; superseded by matrix_5x3_v8)"
matrix_5x3-v7-BETA-F1-etas05,matrix_5x3_v7,failed,BETA,F1,1.0,0.5,0.5,0.5,0.9,impulses.csv,1.0,full-71-abill,runs/matrix_5x3-v7-BETA-F1-etas05/manifest.toml; runs/matrix_5x3-v7-BETA-F1-etas05/log.txt,bc83d5ae9df9d5191c76e1e46fb3f21eef7d88bb,"","parameters pinned in experiments/designs/matrix_5x3_v7.toml (full-71 A-bill, ADR-0022 sectoral labour markets); planned | failed 2026-09-19 (see runs/matrix_5x3-v7-BETA-F1-etas05/manifest.toml) | failed at gate evaluation on the incomplete promotion: the SectoralElasticLaborClosure had no diagnostics method (fixed in the same session; superseded by matrix_5x3_v8)"
matrix_5x3-v7-BETA-F2-etas05,matrix_5x3_v7,failed,BETA,F2,1.0,0.5,0.5,0.5,0.9,impulses.csv,1.0,full-71-abill,runs/matrix_5x3-v7-BETA-F2-etas05/manifest.toml; runs/matrix_5x3-v7-BETA-F2-etas05/log.txt,bc83d5ae9df9d5191c76e1e46fb3f21eef7d88bb,"","parameters pinned in experiments/designs/matrix_5x3_v7.toml (full-71 A-bill, ADR-0022 sectoral labour markets); planned | failed 2026-09-19 (see runs/matrix_5x3-v7-BETA-F2-etas05/manifest.toml) | failed at gate evaluation on the incomplete promotion: the SectoralElasticLaborClosure had no diagnostics method (fixed in the same session; superseded by matrix_5x3_v8)"
matrix_5x3-v7-BETA-F3-etas05,matrix_5x3_v7,failed,BETA,F3,1.0,0.5,0.5,0.5,0.9,impulses.csv,1.0,full-71-abill,runs/matrix_5x3-v7-BETA-F3-etas05/manifest.toml; runs/matrix_5x3-v7-BETA-F3-etas05/log.txt,bc83d5ae9df9d5191c76e1e46fb3f21eef7d88bb,"","parameters pinned in experiments/designs/matrix_5x3_v7.toml (full-71 A-bill, ADR-0022 sectoral labour markets); planned | failed 2026-09-19 (see runs/matrix_5x3-v7-BETA-F3-etas05/manifest.toml) | failed at gate evaluation on the incomplete promotion: the SectoralElasticLaborClosure had no diagnostics method (fixed in the same session; superseded by matrix_5x3_v8)"
matrix_5x3-v7-BETA-F1-etas1,matrix_5x3_v7,failed,BETA,F1,1.0,1.0,0.5,0.5,0.9,impulses.csv,1.0,full-71-abill,runs/matrix_5x3-v7-BETA-F1-etas1/manifest.toml; runs/matrix_5x3-v7-BETA-F1-etas1/log.txt,bc83d5ae9df9d5191c76e1e46fb3f21eef7d88bb,"","parameters pinned in experiments/designs/matrix_5x3_v7.toml (full-71 A-bill, ADR-0022 sectoral labour markets); planned | failed 2026-09-19 (see runs/matrix_5x3-v7-BETA-F1-etas1/manifest.toml) | failed at gate evaluation on the incomplete promotion: the SectoralElasticLaborClosure had no diagnostics method (fixed in the same session; superseded by matrix_5x3_v8)"
matrix_5x3-v7-BETA-F2-etas1,matrix_5x3_v7,failed,BETA,F2,1.0,1.0,0.5,0.5,0.9,impulses.csv,1.0,full-71-abill,runs/matrix_5x3-v7-BETA-F2-etas1/manifest.toml; runs/matrix_5x3-v7-BETA-F2-etas1/log.txt,bc83d5ae9df9d5191c76e1e46fb3f21eef7d88bb,"","parameters pinned in experiments/designs/matrix_5x3_v7.toml (full-71 A-bill, ADR-0022 sectoral labour markets); planned | failed 2026-09-19 (see runs/matrix_5x3-v7-BETA-F2-etas1/manifest.toml) | failed at gate evaluation on the incomplete promotion: the SectoralElasticLaborClosure had no diagnostics method (fixed in the same session; superseded by matrix_5x3_v8)"
matrix_5x3-v7-BETA-F3-etas1,matrix_5x3_v7,failed,BETA,F3,1.0,1.0,0.5,0.5,0.9,impulses.csv,1.0,full-71-abill,runs/matrix_5x3-v7-BETA-F3-etas1/manifest.toml; runs/matrix_5x3-v7-BETA-F3-etas1/log.txt,bc83d5ae9df9d5191c76e1e46fb3f21eef7d88bb,"","parameters pinned in experiments/designs/matrix_5x3_v7.toml (full-71 A-bill, ADR-0022 sectoral labour markets); planned | failed 2026-09-19 (see runs/matrix_5x3-v7-BETA-F3-etas1/manifest.toml) | failed at gate evaluation on the incomplete promotion: the SectoralElasticLaborClosure had no diagnostics method (fixed in the same session; superseded by matrix_5x3_v8)"
matrix_5x3-v7-BETA-F1-etas2,matrix_5x3_v7,failed,BETA,F1,1.0,2.0,0.5,0.5,0.9,impulses.csv,1.0,full-71-abill,runs/matrix_5x3-v7-BETA-F1-etas2/manifest.toml; runs/matrix_5x3-v7-BETA-F1-etas2/log.txt,bc83d5ae9df9d5191c76e1e46fb3f21eef7d88bb,"","parameters pinned in experiments/designs/matrix_5x3_v7.toml (full-71 A-bill, ADR-0022 sectoral labour markets); planned | failed 2026-09-19 (see runs/matrix_5x3-v7-BETA-F1-etas2/manifest.toml) | failed at gate evaluation on the incomplete promotion: the SectoralElasticLaborClosure had no diagnostics method (fixed in the same session; superseded by matrix_5x3_v8)"
matrix_5x3-v7-BETA-F2-etas2,matrix_5x3_v7,failed,BETA,F2,1.0,2.0,0.5,0.5,0.9,impulses.csv,1.0,full-71-abill,runs/matrix_5x3-v7-BETA-F2-etas2/manifest.toml; runs/matrix_5x3-v7-BETA-F2-etas2/log.txt,bc83d5ae9df9d5191c76e1e46fb3f21eef7d88bb,"","parameters pinned in experiments/designs/matrix_5x3_v7.toml (full-71 A-bill, ADR-0022 sectoral labour markets); planned | failed 2026-09-19 (see runs/matrix_5x3-v7-BETA-F2-etas2/manifest.toml) | failed at gate evaluation on the incomplete promotion: the SectoralElasticLaborClosure had no diagnostics method (fixed in the same session; superseded by matrix_5x3_v8)"
matrix_5x3-v7-BETA-F3-etas2,matrix_5x3_v7,failed,BETA,F3,1.0,2.0,0.5,0.5,0.9,impulses.csv,1.0,full-71-abill,runs/matrix_5x3-v7-BETA-F3-etas2/manifest.toml; runs/matrix_5x3-v7-BETA-F3-etas2/log.txt,bc83d5ae9df9d5191c76e1e46fb3f21eef7d88bb,"","parameters pinned in experiments/designs/matrix_5x3_v7.toml (full-71 A-bill, ADR-0022 sectoral labour markets); planned | failed 2026-09-19 (see runs/matrix_5x3-v7-BETA-F3-etas2/manifest.toml) | failed at gate evaluation on the incomplete promotion: the SectoralElasticLaborClosure had no diagnostics method (fixed in the same session; superseded by matrix_5x3_v8)"
matrix_5x3-v7-BETA-F1-rigidprog,matrix_5x3_v7,failed,BETA,F1,1.0,0.5,0.5,0.5,0.9,impulses.csv,1.0,full-71-abill,runs/matrix_5x3-v7-BETA-F1-rigidprog/manifest.toml; runs/matrix_5x3-v7-BETA-F1-rigidprog/log.txt,bc83d5ae9df9d5191c76e1e46fb3f21eef7d88bb,"","parameters pinned in experiments/designs/matrix_5x3_v7.toml (full-71 A-bill, ADR-0022 sectoral labour markets, rigid group programme); planned | failed 2026-09-19 (see runs/matrix_5x3-v7-BETA-F1-rigidprog/manifest.toml) | failed at gate evaluation on the incomplete promotion: the SectoralElasticLaborClosure had no diagnostics method (fixed in the same session; superseded by matrix_5x3_v8)"
matrix_5x3-v7-BETA-F2-rigidprog,matrix_5x3_v7,failed,BETA,F2,1.0,0.5,0.5,0.5,0.9,impulses.csv,1.0,full-71-abill,runs/matrix_5x3-v7-BETA-F2-rigidprog/manifest.toml; runs/matrix_5x3-v7-BETA-F2-rigidprog/log.txt,bc83d5ae9df9d5191c76e1e46fb3f21eef7d88bb,"","parameters pinned in experiments/designs/matrix_5x3_v7.toml (full-71 A-bill, ADR-0022 sectoral labour markets, rigid group programme); planned | failed 2026-09-19 (see runs/matrix_5x3-v7-BETA-F2-rigidprog/manifest.toml) | failed at gate evaluation on the incomplete promotion: the SectoralElasticLaborClosure had no diagnostics method (fixed in the same session; superseded by matrix_5x3_v8)"
matrix_5x3-v7-BETA-F3-rigidprog,matrix_5x3_v7,failed,BETA,F3,1.0,0.5,0.5,0.5,0.9,impulses.csv,1.0,full-71-abill,runs/matrix_5x3-v7-BETA-F3-rigidprog/manifest.toml; runs/matrix_5x3-v7-BETA-F3-rigidprog/log.txt,bc83d5ae9df9d5191c76e1e46fb3f21eef7d88bb,"","parameters pinned in experiments/designs/matrix_5x3_v7.toml (full-71 A-bill, ADR-0022 sectoral labour markets, rigid group programme); planned | failed 2026-09-19 (see runs/matrix_5x3-v7-BETA-F3-rigidprog/manifest.toml) | failed at gate evaluation on the incomplete promotion: the SectoralElasticLaborClosure had no diagnostics method (fixed in the same session; superseded by matrix_5x3_v8)"
matrix_5x3-v7-BETA-F1-rigidhalf,matrix_5x3_v7,failed,BETA,F1,1.0,0.5,0.5,0.5,0.9,impulses.csv,1.0,full-71-abill,runs/matrix_5x3-v7-BETA-F1-rigidhalf/manifest.toml; runs/matrix_5x3-v7-BETA-F1-rigidhalf/log.txt,bc83d5ae9df9d5191c76e1e46fb3f21eef7d88bb,"","parameters pinned in experiments/designs/matrix_5x3_v7.toml (full-71 A-bill, ADR-0022 sectoral labour markets, rigid group largest_half); planned | failed 2026-09-19 (see runs/matrix_5x3-v7-BETA-F1-rigidhalf/manifest.toml) | failed at gate evaluation on the incomplete promotion: the SectoralElasticLaborClosure had no diagnostics method (fixed in the same session; superseded by matrix_5x3_v8)"
matrix_5x3-v7-BETA-F2-rigidhalf,matrix_5x3_v7,failed,BETA,F2,1.0,0.5,0.5,0.5,0.9,impulses.csv,1.0,full-71-abill,runs/matrix_5x3-v7-BETA-F2-rigidhalf/manifest.toml; runs/matrix_5x3-v7-BETA-F2-rigidhalf/log.txt,bc83d5ae9df9d5191c76e1e46fb3f21eef7d88bb,"","parameters pinned in experiments/designs/matrix_5x3_v7.toml (full-71 A-bill, ADR-0022 sectoral labour markets, rigid group largest_half); planned | failed 2026-09-19 (see runs/matrix_5x3-v7-BETA-F2-rigidhalf/manifest.toml) | failed at gate evaluation on the incomplete promotion: the SectoralElasticLaborClosure had no diagnostics method (fixed in the same session; superseded by matrix_5x3_v8)"
matrix_5x3-v7-BETA-F3-rigidhalf,matrix_5x3_v7,failed,BETA,F3,1.0,0.5,0.5,0.5,0.9,impulses.csv,1.0,full-71-abill,runs/matrix_5x3-v7-BETA-F3-rigidhalf/manifest.toml; runs/matrix_5x3-v7-BETA-F3-rigidhalf/log.txt,bc83d5ae9df9d5191c76e1e46fb3f21eef7d88bb,"","parameters pinned in experiments/designs/matrix_5x3_v7.toml (full-71 A-bill, ADR-0022 sectoral labour markets, rigid group largest_half); planned | failed 2026-09-19 (see runs/matrix_5x3-v7-BETA-F3-rigidhalf/manifest.toml) | failed at gate evaluation on the incomplete promotion: the SectoralElasticLaborClosure had no diagnostics method (fixed in the same session; superseded by matrix_5x3_v8)"
matrix_5x3-v8-BF-F1,matrix_5x3_v8,executed,BF,F1,0.0,0.0,0.5,0.5,0.9,impulses.csv,1.0,full-71-abill,runs/matrix_5x3-v8-BF-F1/manifest.toml; runs/matrix_5x3-v8-BF-F1/log.txt,bc83d5ae9df9d5191c76e1e46fb3f21eef7d88bb,"","parameters pinned in experiments/designs/matrix_5x3_v8.toml (full-71 A-bill, ADR-0022 sectoral labour markets); planned | executed 2026-09-19 (see runs/matrix_5x3-v8-BF-F1/manifest.toml)"
matrix_5x3-v8-BF-F2,matrix_5x3_v8,executed,BF,F2,0.0,0.0,0.5,0.5,0.9,impulses.csv,1.0,full-71-abill,runs/matrix_5x3-v8-BF-F2/manifest.toml; runs/matrix_5x3-v8-BF-F2/log.txt,bc83d5ae9df9d5191c76e1e46fb3f21eef7d88bb,"","parameters pinned in experiments/designs/matrix_5x3_v8.toml (full-71 A-bill, ADR-0022 sectoral labour markets); planned | executed 2026-09-19 (see runs/matrix_5x3-v8-BF-F2/manifest.toml)"
matrix_5x3-v8-BF-F3,matrix_5x3_v8,executed,BF,F3,0.0,0.0,0.5,0.5,0.9,impulses.csv,1.0,full-71-abill,runs/matrix_5x3-v8-BF-F3/manifest.toml; runs/matrix_5x3-v8-BF-F3/log.txt,bc83d5ae9df9d5191c76e1e46fb3f21eef7d88bb,"","parameters pinned in experiments/designs/matrix_5x3_v8.toml (full-71 A-bill, ADR-0022 sectoral labour markets); planned | executed 2026-09-19 (see runs/matrix_5x3-v8-BF-F3/manifest.toml)"
matrix_5x3-v8-ALPHA-F1,matrix_5x3_v8,executed,ALPHA,F1,1.0,0.0,0.5,0.5,0.9,impulses.csv,1.0,full-71-abill,runs/matrix_5x3-v8-ALPHA-F1/manifest.toml; runs/matrix_5x3-v8-ALPHA-F1/log.txt,bc83d5ae9df9d5191c76e1e46fb3f21eef7d88bb,"","parameters pinned in experiments/designs/matrix_5x3_v8.toml (full-71 A-bill, ADR-0022 sectoral labour markets); planned | executed 2026-09-19 (see runs/matrix_5x3-v8-ALPHA-F1/manifest.toml)"
matrix_5x3-v8-ALPHA-F2,matrix_5x3_v8,executed,ALPHA,F2,1.0,0.0,0.5,0.5,0.9,impulses.csv,1.0,full-71-abill,runs/matrix_5x3-v8-ALPHA-F2/manifest.toml; runs/matrix_5x3-v8-ALPHA-F2/log.txt,bc83d5ae9df9d5191c76e1e46fb3f21eef7d88bb,"","parameters pinned in experiments/designs/matrix_5x3_v8.toml (full-71 A-bill, ADR-0022 sectoral labour markets); planned | executed 2026-09-19 (see runs/matrix_5x3-v8-ALPHA-F2/manifest.toml)"
matrix_5x3-v8-ALPHA-F3,matrix_5x3_v8,executed,ALPHA,F3,1.0,0.0,0.5,0.5,0.9,impulses.csv,1.0,full-71-abill,runs/matrix_5x3-v8-ALPHA-F3/manifest.toml; runs/matrix_5x3-v8-ALPHA-F3/log.txt,bc83d5ae9df9d5191c76e1e46fb3f21eef7d88bb,"","parameters pinned in experiments/designs/matrix_5x3_v8.toml (full-71 A-bill, ADR-0022 sectoral labour markets); planned | executed 2026-09-19 (see runs/matrix_5x3-v8-ALPHA-F3/manifest.toml)"
matrix_5x3-v8-BETA-F1,matrix_5x3_v8,executed,BETA,F1,1.0,0.5,0.5,0.5,0.9,impulses.csv,1.0,full-71-abill,runs/matrix_5x3-v8-BETA-F1/manifest.toml; runs/matrix_5x3-v8-BETA-F1/log.txt,bc83d5ae9df9d5191c76e1e46fb3f21eef7d88bb,"","parameters pinned in experiments/designs/matrix_5x3_v8.toml (full-71 A-bill, ADR-0022 sectoral labour markets); planned | executed 2026-09-19 (see runs/matrix_5x3-v8-BETA-F1/manifest.toml)"
matrix_5x3-v8-BETA-F2,matrix_5x3_v8,executed,BETA,F2,1.0,0.5,0.5,0.5,0.9,impulses.csv,1.0,full-71-abill,runs/matrix_5x3-v8-BETA-F2/manifest.toml; runs/matrix_5x3-v8-BETA-F2/log.txt,bc83d5ae9df9d5191c76e1e46fb3f21eef7d88bb,"","parameters pinned in experiments/designs/matrix_5x3_v8.toml (full-71 A-bill, ADR-0022 sectoral labour markets); planned | executed 2026-09-19 (see runs/matrix_5x3-v8-BETA-F2/manifest.toml)"
matrix_5x3-v8-BETA-F3,matrix_5x3_v8,executed,BETA,F3,1.0,0.5,0.5,0.5,0.9,impulses.csv,1.0,full-71-abill,runs/matrix_5x3-v8-BETA-F3/manifest.toml; runs/matrix_5x3-v8-BETA-F3/log.txt,bc83d5ae9df9d5191c76e1e46fb3f21eef7d88bb,"","parameters pinned in experiments/designs/matrix_5x3_v8.toml (full-71 A-bill, ADR-0022 sectoral labour markets); planned | executed 2026-09-19 (see runs/matrix_5x3-v8-BETA-F3/manifest.toml)"
matrix_5x3-v8-GAMMA-F1,matrix_5x3_v8,executed,GAMMA,F1,1.0,0.0,0.5,0.5,0.9,impulses.csv,1.0,full-71-abill,runs/matrix_5x3-v8-GAMMA-F1/manifest.toml; runs/matrix_5x3-v8-GAMMA-F1/log.txt,bc83d5ae9df9d5191c76e1e46fb3f21eef7d88bb,"","parameters pinned in experiments/designs/matrix_5x3_v8.toml (full-71 A-bill, ADR-0022 sectoral labour markets); planned | executed 2026-09-19 (see runs/matrix_5x3-v8-GAMMA-F1/manifest.toml)"
matrix_5x3-v8-GAMMA-F2,matrix_5x3_v8,executed,GAMMA,F2,1.0,0.0,0.5,0.5,0.9,impulses.csv,1.0,full-71-abill,runs/matrix_5x3-v8-GAMMA-F2/manifest.toml; runs/matrix_5x3-v8-GAMMA-F2/log.txt,bc83d5ae9df9d5191c76e1e46fb3f21eef7d88bb,"","parameters pinned in experiments/designs/matrix_5x3_v8.toml (full-71 A-bill, ADR-0022 sectoral labour markets); planned | executed 2026-09-19 (see runs/matrix_5x3-v8-GAMMA-F2/manifest.toml)"
matrix_5x3-v8-GAMMA-F3,matrix_5x3_v8,executed,GAMMA,F3,1.0,0.0,0.5,0.5,0.9,impulses.csv,1.0,full-71-abill,runs/matrix_5x3-v8-GAMMA-F3/manifest.toml; runs/matrix_5x3-v8-GAMMA-F3/log.txt,bc83d5ae9df9d5191c76e1e46fb3f21eef7d88bb,"","parameters pinned in experiments/designs/matrix_5x3_v8.toml (full-71 A-bill, ADR-0022 sectoral labour markets); planned | executed 2026-09-19 (see runs/matrix_5x3-v8-GAMMA-F3/manifest.toml)"
matrix_5x3-v8-DELTA-F1,matrix_5x3_v8,executed,DELTA,F1,1.0,0.0,0.0001,0.0001,0.0001,impulses.csv,1.0,full-71-abill,runs/matrix_5x3-v8-DELTA-F1/manifest.toml; runs/matrix_5x3-v8-DELTA-F1/log.txt,bc83d5ae9df9d5191c76e1e46fb3f21eef7d88bb,"","parameters pinned in experiments/designs/matrix_5x3_v8.toml (full-71 A-bill, ADR-0022 sectoral labour markets); planned | executed 2026-09-19 (see runs/matrix_5x3-v8-DELTA-F1/manifest.toml)"
matrix_5x3-v8-DELTA-F2,matrix_5x3_v8,executed,DELTA,F2,1.0,0.0,0.0001,0.0001,0.0001,impulses.csv,1.0,full-71-abill,runs/matrix_5x3-v8-DELTA-F2/manifest.toml; runs/matrix_5x3-v8-DELTA-F2/log.txt,bc83d5ae9df9d5191c76e1e46fb3f21eef7d88bb,"","parameters pinned in experiments/designs/matrix_5x3_v8.toml (full-71 A-bill, ADR-0022 sectoral labour markets); planned | executed 2026-09-19 (see runs/matrix_5x3-v8-DELTA-F2/manifest.toml)"
matrix_5x3-v8-DELTA-F3,matrix_5x3_v8,executed,DELTA,F3,1.0,0.0,0.0001,0.0001,0.0001,impulses.csv,1.0,full-71-abill,runs/matrix_5x3-v8-DELTA-F3/manifest.toml; runs/matrix_5x3-v8-DELTA-F3/log.txt,bc83d5ae9df9d5191c76e1e46fb3f21eef7d88bb,"","parameters pinned in experiments/designs/matrix_5x3_v8.toml (full-71 A-bill, ADR-0022 sectoral labour markets); planned | executed 2026-09-19 (see runs/matrix_5x3-v8-DELTA-F3/manifest.toml)"
matrix_5x3-v8-BETA-F1-etas025,matrix_5x3_v8,failed,BETA,F1,1.0,0.25,0.5,0.5,0.9,impulses.csv,1.0,full-71-abill,runs/matrix_5x3-v8-BETA-F1-etas025/manifest.toml; runs/matrix_5x3-v8-BETA-F1-etas025/log.txt,bc83d5ae9df9d5191c76e1e46fb3f21eef7d88bb,"","parameters pinned in experiments/designs/matrix_5x3_v8.toml (full-71 A-bill, ADR-0022 sectoral labour markets); planned | failed 2026-09-19 (see runs/matrix_5x3-v8-BETA-F1-etas025/manifest.toml) | failed at the external-account acceptance gate on the incomplete promotion: assert_external_account collapsed the sectoral wage vector to a scalar (fixed in the same session; superseded by matrix_5x3_v9)"
matrix_5x3-v8-BETA-F2-etas025,matrix_5x3_v8,failed,BETA,F2,1.0,0.25,0.5,0.5,0.9,impulses.csv,1.0,full-71-abill,runs/matrix_5x3-v8-BETA-F2-etas025/manifest.toml; runs/matrix_5x3-v8-BETA-F2-etas025/log.txt,bc83d5ae9df9d5191c76e1e46fb3f21eef7d88bb,"","parameters pinned in experiments/designs/matrix_5x3_v8.toml (full-71 A-bill, ADR-0022 sectoral labour markets); planned | failed 2026-09-19 (see runs/matrix_5x3-v8-BETA-F2-etas025/manifest.toml) | failed at the external-account acceptance gate on the incomplete promotion: assert_external_account collapsed the sectoral wage vector to a scalar (fixed in the same session; superseded by matrix_5x3_v9)"
matrix_5x3-v8-BETA-F3-etas025,matrix_5x3_v8,failed,BETA,F3,1.0,0.25,0.5,0.5,0.9,impulses.csv,1.0,full-71-abill,runs/matrix_5x3-v8-BETA-F3-etas025/manifest.toml; runs/matrix_5x3-v8-BETA-F3-etas025/log.txt,bc83d5ae9df9d5191c76e1e46fb3f21eef7d88bb,"","parameters pinned in experiments/designs/matrix_5x3_v8.toml (full-71 A-bill, ADR-0022 sectoral labour markets); planned | failed 2026-09-19 (see runs/matrix_5x3-v8-BETA-F3-etas025/manifest.toml) | failed at the external-account acceptance gate on the incomplete promotion: assert_external_account collapsed the sectoral wage vector to a scalar (fixed in the same session; superseded by matrix_5x3_v9)"
matrix_5x3-v8-BETA-F1-etas05,matrix_5x3_v8,failed,BETA,F1,1.0,0.5,0.5,0.5,0.9,impulses.csv,1.0,full-71-abill,runs/matrix_5x3-v8-BETA-F1-etas05/manifest.toml; runs/matrix_5x3-v8-BETA-F1-etas05/log.txt,bc83d5ae9df9d5191c76e1e46fb3f21eef7d88bb,"","parameters pinned in experiments/designs/matrix_5x3_v8.toml (full-71 A-bill, ADR-0022 sectoral labour markets); planned | failed 2026-09-19 (see runs/matrix_5x3-v8-BETA-F1-etas05/manifest.toml) | failed at the external-account acceptance gate on the incomplete promotion: assert_external_account collapsed the sectoral wage vector to a scalar (fixed in the same session; superseded by matrix_5x3_v9)"
matrix_5x3-v8-BETA-F2-etas05,matrix_5x3_v8,failed,BETA,F2,1.0,0.5,0.5,0.5,0.9,impulses.csv,1.0,full-71-abill,runs/matrix_5x3-v8-BETA-F2-etas05/manifest.toml; runs/matrix_5x3-v8-BETA-F2-etas05/log.txt,bc83d5ae9df9d5191c76e1e46fb3f21eef7d88bb,"","parameters pinned in experiments/designs/matrix_5x3_v8.toml (full-71 A-bill, ADR-0022 sectoral labour markets); planned | failed 2026-09-19 (see runs/matrix_5x3-v8-BETA-F2-etas05/manifest.toml) | failed at the external-account acceptance gate on the incomplete promotion: assert_external_account collapsed the sectoral wage vector to a scalar (fixed in the same session; superseded by matrix_5x3_v9)"
matrix_5x3-v8-BETA-F3-etas05,matrix_5x3_v8,failed,BETA,F3,1.0,0.5,0.5,0.5,0.9,impulses.csv,1.0,full-71-abill,runs/matrix_5x3-v8-BETA-F3-etas05/manifest.toml; runs/matrix_5x3-v8-BETA-F3-etas05/log.txt,bc83d5ae9df9d5191c76e1e46fb3f21eef7d88bb,"","parameters pinned in experiments/designs/matrix_5x3_v8.toml (full-71 A-bill, ADR-0022 sectoral labour markets); planned | failed 2026-09-19 (see runs/matrix_5x3-v8-BETA-F3-etas05/manifest.toml) | failed at the external-account acceptance gate on the incomplete promotion: assert_external_account collapsed the sectoral wage vector to a scalar (fixed in the same session; superseded by matrix_5x3_v9)"
matrix_5x3-v8-BETA-F1-etas1,matrix_5x3_v8,failed,BETA,F1,1.0,1.0,0.5,0.5,0.9,impulses.csv,1.0,full-71-abill,runs/matrix_5x3-v8-BETA-F1-etas1/manifest.toml; runs/matrix_5x3-v8-BETA-F1-etas1/log.txt,bc83d5ae9df9d5191c76e1e46fb3f21eef7d88bb,"","parameters pinned in experiments/designs/matrix_5x3_v8.toml (full-71 A-bill, ADR-0022 sectoral labour markets); planned | failed 2026-09-19 (see runs/matrix_5x3-v8-BETA-F1-etas1/manifest.toml) | failed at the external-account acceptance gate on the incomplete promotion: assert_external_account collapsed the sectoral wage vector to a scalar (fixed in the same session; superseded by matrix_5x3_v9)"
matrix_5x3-v8-BETA-F2-etas1,matrix_5x3_v8,failed,BETA,F2,1.0,1.0,0.5,0.5,0.9,impulses.csv,1.0,full-71-abill,runs/matrix_5x3-v8-BETA-F2-etas1/manifest.toml; runs/matrix_5x3-v8-BETA-F2-etas1/log.txt,bc83d5ae9df9d5191c76e1e46fb3f21eef7d88bb,"","parameters pinned in experiments/designs/matrix_5x3_v8.toml (full-71 A-bill, ADR-0022 sectoral labour markets); planned | failed 2026-09-19 (see runs/matrix_5x3-v8-BETA-F2-etas1/manifest.toml) | failed at the external-account acceptance gate on the incomplete promotion: assert_external_account collapsed the sectoral wage vector to a scalar (fixed in the same session; superseded by matrix_5x3_v9)"
matrix_5x3-v8-BETA-F3-etas1,matrix_5x3_v8,failed,BETA,F3,1.0,1.0,0.5,0.5,0.9,impulses.csv,1.0,full-71-abill,runs/matrix_5x3-v8-BETA-F3-etas1/manifest.toml; runs/matrix_5x3-v8-BETA-F3-etas1/log.txt,bc83d5ae9df9d5191c76e1e46fb3f21eef7d88bb,"","parameters pinned in experiments/designs/matrix_5x3_v8.toml (full-71 A-bill, ADR-0022 sectoral labour markets); planned | failed 2026-09-19 (see runs/matrix_5x3-v8-BETA-F3-etas1/manifest.toml) | failed at the external-account acceptance gate on the incomplete promotion: assert_external_account collapsed the sectoral wage vector to a scalar (fixed in the same session; superseded by matrix_5x3_v9)"
matrix_5x3-v8-BETA-F1-etas2,matrix_5x3_v8,failed,BETA,F1,1.0,2.0,0.5,0.5,0.9,impulses.csv,1.0,full-71-abill,runs/matrix_5x3-v8-BETA-F1-etas2/manifest.toml; runs/matrix_5x3-v8-BETA-F1-etas2/log.txt,bc83d5ae9df9d5191c76e1e46fb3f21eef7d88bb,"","parameters pinned in experiments/designs/matrix_5x3_v8.toml (full-71 A-bill, ADR-0022 sectoral labour markets); planned | failed 2026-09-19 (see runs/matrix_5x3-v8-BETA-F1-etas2/manifest.toml) | failed at the external-account acceptance gate on the incomplete promotion: assert_external_account collapsed the sectoral wage vector to a scalar (fixed in the same session; superseded by matrix_5x3_v9)"
matrix_5x3-v8-BETA-F2-etas2,matrix_5x3_v8,failed,BETA,F2,1.0,2.0,0.5,0.5,0.9,impulses.csv,1.0,full-71-abill,runs/matrix_5x3-v8-BETA-F2-etas2/manifest.toml; runs/matrix_5x3-v8-BETA-F2-etas2/log.txt,bc83d5ae9df9d5191c76e1e46fb3f21eef7d88bb,"","parameters pinned in experiments/designs/matrix_5x3_v8.toml (full-71 A-bill, ADR-0022 sectoral labour markets); planned | failed 2026-09-19 (see runs/matrix_5x3-v8-BETA-F2-etas2/manifest.toml) | failed at the external-account acceptance gate on the incomplete promotion: assert_external_account collapsed the sectoral wage vector to a scalar (fixed in the same session; superseded by matrix_5x3_v9)"
matrix_5x3-v8-BETA-F3-etas2,matrix_5x3_v8,failed,BETA,F3,1.0,2.0,0.5,0.5,0.9,impulses.csv,1.0,full-71-abill,runs/matrix_5x3-v8-BETA-F3-etas2/manifest.toml; runs/matrix_5x3-v8-BETA-F3-etas2/log.txt,bc83d5ae9df9d5191c76e1e46fb3f21eef7d88bb,"","parameters pinned in experiments/designs/matrix_5x3_v8.toml (full-71 A-bill, ADR-0022 sectoral labour markets); planned | failed 2026-09-19 (see runs/matrix_5x3-v8-BETA-F3-etas2/manifest.toml) | failed at the external-account acceptance gate on the incomplete promotion: assert_external_account collapsed the sectoral wage vector to a scalar (fixed in the same session; superseded by matrix_5x3_v9)"
matrix_5x3-v8-BETA-F1-rigidprog,matrix_5x3_v8,failed,BETA,F1,1.0,0.5,0.5,0.5,0.9,impulses.csv,1.0,full-71-abill,runs/matrix_5x3-v8-BETA-F1-rigidprog/manifest.toml; runs/matrix_5x3-v8-BETA-F1-rigidprog/log.txt,bc83d5ae9df9d5191c76e1e46fb3f21eef7d88bb,"","parameters pinned in experiments/designs/matrix_5x3_v8.toml (full-71 A-bill, ADR-0022 sectoral labour markets, rigid group programme); planned | failed 2026-09-19 (see runs/matrix_5x3-v8-BETA-F1-rigidprog/manifest.toml) | failed at the external-account acceptance gate on the incomplete promotion: assert_external_account collapsed the sectoral wage vector to a scalar (fixed in the same session; superseded by matrix_5x3_v9)"
matrix_5x3-v8-BETA-F2-rigidprog,matrix_5x3_v8,failed,BETA,F2,1.0,0.5,0.5,0.5,0.9,impulses.csv,1.0,full-71-abill,runs/matrix_5x3-v8-BETA-F2-rigidprog/manifest.toml; runs/matrix_5x3-v8-BETA-F2-rigidprog/log.txt,bc83d5ae9df9d5191c76e1e46fb3f21eef7d88bb,"","parameters pinned in experiments/designs/matrix_5x3_v8.toml (full-71 A-bill, ADR-0022 sectoral labour markets, rigid group programme); planned | failed 2026-09-19 (see runs/matrix_5x3-v8-BETA-F2-rigidprog/manifest.toml) | failed at the external-account acceptance gate on the incomplete promotion: assert_external_account collapsed the sectoral wage vector to a scalar (fixed in the same session; superseded by matrix_5x3_v9)"
matrix_5x3-v8-BETA-F3-rigidprog,matrix_5x3_v8,failed,BETA,F3,1.0,0.5,0.5,0.5,0.9,impulses.csv,1.0,full-71-abill,runs/matrix_5x3-v8-BETA-F3-rigidprog/manifest.toml; runs/matrix_5x3-v8-BETA-F3-rigidprog/log.txt,bc83d5ae9df9d5191c76e1e46fb3f21eef7d88bb,"","parameters pinned in experiments/designs/matrix_5x3_v8.toml (full-71 A-bill, ADR-0022 sectoral labour markets, rigid group programme); planned | failed 2026-09-19 (see runs/matrix_5x3-v8-BETA-F3-rigidprog/manifest.toml) | failed at the external-account acceptance gate on the incomplete promotion: assert_external_account collapsed the sectoral wage vector to a scalar (fixed in the same session; superseded by matrix_5x3_v9)"
matrix_5x3-v8-BETA-F1-rigidhalf,matrix_5x3_v8,failed,BETA,F1,1.0,0.5,0.5,0.5,0.9,impulses.csv,1.0,full-71-abill,runs/matrix_5x3-v8-BETA-F1-rigidhalf/manifest.toml; runs/matrix_5x3-v8-BETA-F1-rigidhalf/log.txt,bc83d5ae9df9d5191c76e1e46fb3f21eef7d88bb,"","parameters pinned in experiments/designs/matrix_5x3_v8.toml (full-71 A-bill, ADR-0022 sectoral labour markets, rigid group largest_half); planned | failed 2026-09-19 (see runs/matrix_5x3-v8-BETA-F1-rigidhalf/manifest.toml) | failed at the external-account acceptance gate on the incomplete promotion: assert_external_account collapsed the sectoral wage vector to a scalar (fixed in the same session; superseded by matrix_5x3_v9)"
matrix_5x3-v8-BETA-F2-rigidhalf,matrix_5x3_v8,failed,BETA,F2,1.0,0.5,0.5,0.5,0.9,impulses.csv,1.0,full-71-abill,runs/matrix_5x3-v8-BETA-F2-rigidhalf/manifest.toml; runs/matrix_5x3-v8-BETA-F2-rigidhalf/log.txt,bc83d5ae9df9d5191c76e1e46fb3f21eef7d88bb,"","parameters pinned in experiments/designs/matrix_5x3_v8.toml (full-71 A-bill, ADR-0022 sectoral labour markets, rigid group largest_half); planned | failed 2026-09-19 (see runs/matrix_5x3-v8-BETA-F2-rigidhalf/manifest.toml) | failed at the external-account acceptance gate on the incomplete promotion: assert_external_account collapsed the sectoral wage vector to a scalar (fixed in the same session; superseded by matrix_5x3_v9)"
matrix_5x3-v8-BETA-F3-rigidhalf,matrix_5x3_v8,failed,BETA,F3,1.0,0.5,0.5,0.5,0.9,impulses.csv,1.0,full-71-abill,runs/matrix_5x3-v8-BETA-F3-rigidhalf/manifest.toml; runs/matrix_5x3-v8-BETA-F3-rigidhalf/log.txt,bc83d5ae9df9d5191c76e1e46fb3f21eef7d88bb,"","parameters pinned in experiments/designs/matrix_5x3_v8.toml (full-71 A-bill, ADR-0022 sectoral labour markets, rigid group largest_half); planned | failed 2026-09-19 (see runs/matrix_5x3-v8-BETA-F3-rigidhalf/manifest.toml) | failed at the external-account acceptance gate on the incomplete promotion: assert_external_account collapsed the sectoral wage vector to a scalar (fixed in the same session; superseded by matrix_5x3_v9)"
matrix_5x3-v9-BF-F1,matrix_5x3_v9,executed,BF,F1,0.0,0.0,0.5,0.5,0.9,impulses.csv,1.0,full-71-abill,runs/matrix_5x3-v9-BF-F1/manifest.toml; runs/matrix_5x3-v9-BF-F1/log.txt,bc83d5ae9df9d5191c76e1e46fb3f21eef7d88bb,"","parameters pinned in experiments/designs/matrix_5x3_v9.toml (full-71 A-bill, ADR-0022 sectoral labour markets); planned | executed 2026-09-19 (see runs/matrix_5x3-v9-BF-F1/manifest.toml)"
matrix_5x3-v9-BF-F2,matrix_5x3_v9,executed,BF,F2,0.0,0.0,0.5,0.5,0.9,impulses.csv,1.0,full-71-abill,runs/matrix_5x3-v9-BF-F2/manifest.toml; runs/matrix_5x3-v9-BF-F2/log.txt,bc83d5ae9df9d5191c76e1e46fb3f21eef7d88bb,"","parameters pinned in experiments/designs/matrix_5x3_v9.toml (full-71 A-bill, ADR-0022 sectoral labour markets); planned | executed 2026-09-19 (see runs/matrix_5x3-v9-BF-F2/manifest.toml)"
matrix_5x3-v9-BF-F3,matrix_5x3_v9,executed,BF,F3,0.0,0.0,0.5,0.5,0.9,impulses.csv,1.0,full-71-abill,runs/matrix_5x3-v9-BF-F3/manifest.toml; runs/matrix_5x3-v9-BF-F3/log.txt,bc83d5ae9df9d5191c76e1e46fb3f21eef7d88bb,"","parameters pinned in experiments/designs/matrix_5x3_v9.toml (full-71 A-bill, ADR-0022 sectoral labour markets); planned | executed 2026-09-19 (see runs/matrix_5x3-v9-BF-F3/manifest.toml)"
matrix_5x3-v9-ALPHA-F1,matrix_5x3_v9,executed,ALPHA,F1,1.0,0.0,0.5,0.5,0.9,impulses.csv,1.0,full-71-abill,runs/matrix_5x3-v9-ALPHA-F1/manifest.toml; runs/matrix_5x3-v9-ALPHA-F1/log.txt,bc83d5ae9df9d5191c76e1e46fb3f21eef7d88bb,"","parameters pinned in experiments/designs/matrix_5x3_v9.toml (full-71 A-bill, ADR-0022 sectoral labour markets); planned | executed 2026-09-19 (see runs/matrix_5x3-v9-ALPHA-F1/manifest.toml)"
matrix_5x3-v9-ALPHA-F2,matrix_5x3_v9,executed,ALPHA,F2,1.0,0.0,0.5,0.5,0.9,impulses.csv,1.0,full-71-abill,runs/matrix_5x3-v9-ALPHA-F2/manifest.toml; runs/matrix_5x3-v9-ALPHA-F2/log.txt,bc83d5ae9df9d5191c76e1e46fb3f21eef7d88bb,"","parameters pinned in experiments/designs/matrix_5x3_v9.toml (full-71 A-bill, ADR-0022 sectoral labour markets); planned | executed 2026-09-19 (see runs/matrix_5x3-v9-ALPHA-F2/manifest.toml)"
matrix_5x3-v9-ALPHA-F3,matrix_5x3_v9,executed,ALPHA,F3,1.0,0.0,0.5,0.5,0.9,impulses.csv,1.0,full-71-abill,runs/matrix_5x3-v9-ALPHA-F3/manifest.toml; runs/matrix_5x3-v9-ALPHA-F3/log.txt,bc83d5ae9df9d5191c76e1e46fb3f21eef7d88bb,"","parameters pinned in experiments/designs/matrix_5x3_v9.toml (full-71 A-bill, ADR-0022 sectoral labour markets); planned | executed 2026-09-19 (see runs/matrix_5x3-v9-ALPHA-F3/manifest.toml)"
matrix_5x3-v9-BETA-F1,matrix_5x3_v9,executed,BETA,F1,1.0,0.5,0.5,0.5,0.9,impulses.csv,1.0,full-71-abill,runs/matrix_5x3-v9-BETA-F1/manifest.toml; runs/matrix_5x3-v9-BETA-F1/log.txt,bc83d5ae9df9d5191c76e1e46fb3f21eef7d88bb,"","parameters pinned in experiments/designs/matrix_5x3_v9.toml (full-71 A-bill, ADR-0022 sectoral labour markets); planned | executed 2026-09-19 (see runs/matrix_5x3-v9-BETA-F1/manifest.toml)"
matrix_5x3-v9-BETA-F2,matrix_5x3_v9,executed,BETA,F2,1.0,0.5,0.5,0.5,0.9,impulses.csv,1.0,full-71-abill,runs/matrix_5x3-v9-BETA-F2/manifest.toml; runs/matrix_5x3-v9-BETA-F2/log.txt,bc83d5ae9df9d5191c76e1e46fb3f21eef7d88bb,"","parameters pinned in experiments/designs/matrix_5x3_v9.toml (full-71 A-bill, ADR-0022 sectoral labour markets); planned | executed 2026-09-19 (see runs/matrix_5x3-v9-BETA-F2/manifest.toml)"
matrix_5x3-v9-BETA-F3,matrix_5x3_v9,executed,BETA,F3,1.0,0.5,0.5,0.5,0.9,impulses.csv,1.0,full-71-abill,runs/matrix_5x3-v9-BETA-F3/manifest.toml; runs/matrix_5x3-v9-BETA-F3/log.txt,bc83d5ae9df9d5191c76e1e46fb3f21eef7d88bb,"","parameters pinned in experiments/designs/matrix_5x3_v9.toml (full-71 A-bill, ADR-0022 sectoral labour markets); planned | executed 2026-09-19 (see runs/matrix_5x3-v9-BETA-F3/manifest.toml)"
matrix_5x3-v9-GAMMA-F1,matrix_5x3_v9,executed,GAMMA,F1,1.0,0.0,0.5,0.5,0.9,impulses.csv,1.0,full-71-abill,runs/matrix_5x3-v9-GAMMA-F1/manifest.toml; runs/matrix_5x3-v9-GAMMA-F1/log.txt,bc83d5ae9df9d5191c76e1e46fb3f21eef7d88bb,"","parameters pinned in experiments/designs/matrix_5x3_v9.toml (full-71 A-bill, ADR-0022 sectoral labour markets); planned | executed 2026-09-19 (see runs/matrix_5x3-v9-GAMMA-F1/manifest.toml)"
matrix_5x3-v9-GAMMA-F2,matrix_5x3_v9,executed,GAMMA,F2,1.0,0.0,0.5,0.5,0.9,impulses.csv,1.0,full-71-abill,runs/matrix_5x3-v9-GAMMA-F2/manifest.toml; runs/matrix_5x3-v9-GAMMA-F2/log.txt,bc83d5ae9df9d5191c76e1e46fb3f21eef7d88bb,"","parameters pinned in experiments/designs/matrix_5x3_v9.toml (full-71 A-bill, ADR-0022 sectoral labour markets); planned | executed 2026-09-19 (see runs/matrix_5x3-v9-GAMMA-F2/manifest.toml)"
matrix_5x3-v9-GAMMA-F3,matrix_5x3_v9,executed,GAMMA,F3,1.0,0.0,0.5,0.5,0.9,impulses.csv,1.0,full-71-abill,runs/matrix_5x3-v9-GAMMA-F3/manifest.toml; runs/matrix_5x3-v9-GAMMA-F3/log.txt,bc83d5ae9df9d5191c76e1e46fb3f21eef7d88bb,"","parameters pinned in experiments/designs/matrix_5x3_v9.toml (full-71 A-bill, ADR-0022 sectoral labour markets); planned | executed 2026-09-19 (see runs/matrix_5x3-v9-GAMMA-F3/manifest.toml)"
matrix_5x3-v9-DELTA-F1,matrix_5x3_v9,executed,DELTA,F1,1.0,0.0,0.0001,0.0001,0.0001,impulses.csv,1.0,full-71-abill,runs/matrix_5x3-v9-DELTA-F1/manifest.toml; runs/matrix_5x3-v9-DELTA-F1/log.txt,bc83d5ae9df9d5191c76e1e46fb3f21eef7d88bb,"","parameters pinned in experiments/designs/matrix_5x3_v9.toml (full-71 A-bill, ADR-0022 sectoral labour markets); planned | executed 2026-09-19 (see runs/matrix_5x3-v9-DELTA-F1/manifest.toml)"
matrix_5x3-v9-DELTA-F2,matrix_5x3_v9,executed,DELTA,F2,1.0,0.0,0.0001,0.0001,0.0001,impulses.csv,1.0,full-71-abill,runs/matrix_5x3-v9-DELTA-F2/manifest.toml; runs/matrix_5x3-v9-DELTA-F2/log.txt,bc83d5ae9df9d5191c76e1e46fb3f21eef7d88bb,"","parameters pinned in experiments/designs/matrix_5x3_v9.toml (full-71 A-bill, ADR-0022 sectoral labour markets); planned | executed 2026-09-19 (see runs/matrix_5x3-v9-DELTA-F2/manifest.toml)"
matrix_5x3-v9-DELTA-F3,matrix_5x3_v9,executed,DELTA,F3,1.0,0.0,0.0001,0.0001,0.0001,impulses.csv,1.0,full-71-abill,runs/matrix_5x3-v9-DELTA-F3/manifest.toml; runs/matrix_5x3-v9-DELTA-F3/log.txt,bc83d5ae9df9d5191c76e1e46fb3f21eef7d88bb,"","parameters pinned in experiments/designs/matrix_5x3_v9.toml (full-71 A-bill, ADR-0022 sectoral labour markets); planned | executed 2026-09-19 (see runs/matrix_5x3-v9-DELTA-F3/manifest.toml)"
matrix_5x3-v9-BETA-F1-etas025,matrix_5x3_v9,executed,BETA,F1,1.0,0.25,0.5,0.5,0.9,impulses.csv,1.0,full-71-abill,runs/matrix_5x3-v9-BETA-F1-etas025/manifest.toml; runs/matrix_5x3-v9-BETA-F1-etas025/log.txt,bc83d5ae9df9d5191c76e1e46fb3f21eef7d88bb,"","parameters pinned in experiments/designs/matrix_5x3_v9.toml (full-71 A-bill, ADR-0022 sectoral labour markets); planned | executed 2026-09-19 (see runs/matrix_5x3-v9-BETA-F1-etas025/manifest.toml) | C1 (2026-09-20): the gdp_* metrics of this run are wrong (sectoral wage vector collapsed in gdp_components); superseded by matrix_5x3_v10 (solutions unaffected; see the matrix_5x3_v9 flow-table banner)"
matrix_5x3-v9-BETA-F2-etas025,matrix_5x3_v9,executed,BETA,F2,1.0,0.25,0.5,0.5,0.9,impulses.csv,1.0,full-71-abill,runs/matrix_5x3-v9-BETA-F2-etas025/manifest.toml; runs/matrix_5x3-v9-BETA-F2-etas025/log.txt,bc83d5ae9df9d5191c76e1e46fb3f21eef7d88bb,"","parameters pinned in experiments/designs/matrix_5x3_v9.toml (full-71 A-bill, ADR-0022 sectoral labour markets); planned | executed 2026-09-19 (see runs/matrix_5x3-v9-BETA-F2-etas025/manifest.toml) | C1 (2026-09-20): the gdp_* metrics of this run are wrong (sectoral wage vector collapsed in gdp_components); superseded by matrix_5x3_v10 (solutions unaffected; see the matrix_5x3_v9 flow-table banner)"
matrix_5x3-v9-BETA-F3-etas025,matrix_5x3_v9,executed,BETA,F3,1.0,0.25,0.5,0.5,0.9,impulses.csv,1.0,full-71-abill,runs/matrix_5x3-v9-BETA-F3-etas025/manifest.toml; runs/matrix_5x3-v9-BETA-F3-etas025/log.txt,bc83d5ae9df9d5191c76e1e46fb3f21eef7d88bb,"","parameters pinned in experiments/designs/matrix_5x3_v9.toml (full-71 A-bill, ADR-0022 sectoral labour markets); planned | executed 2026-09-19 (see runs/matrix_5x3-v9-BETA-F3-etas025/manifest.toml) | C1 (2026-09-20): the gdp_* metrics of this run are wrong (sectoral wage vector collapsed in gdp_components); superseded by matrix_5x3_v10 (solutions unaffected; see the matrix_5x3_v9 flow-table banner)"
matrix_5x3-v9-BETA-F1-etas05,matrix_5x3_v9,executed,BETA,F1,1.0,0.5,0.5,0.5,0.9,impulses.csv,1.0,full-71-abill,runs/matrix_5x3-v9-BETA-F1-etas05/manifest.toml; runs/matrix_5x3-v9-BETA-F1-etas05/log.txt,bc83d5ae9df9d5191c76e1e46fb3f21eef7d88bb,"","parameters pinned in experiments/designs/matrix_5x3_v9.toml (full-71 A-bill, ADR-0022 sectoral labour markets); planned | executed 2026-09-19 (see runs/matrix_5x3-v9-BETA-F1-etas05/manifest.toml) | C1 (2026-09-20): the gdp_* metrics of this run are wrong (sectoral wage vector collapsed in gdp_components); superseded by matrix_5x3_v10 (solutions unaffected; see the matrix_5x3_v9 flow-table banner)"
matrix_5x3-v9-BETA-F2-etas05,matrix_5x3_v9,executed,BETA,F2,1.0,0.5,0.5,0.5,0.9,impulses.csv,1.0,full-71-abill,runs/matrix_5x3-v9-BETA-F2-etas05/manifest.toml; runs/matrix_5x3-v9-BETA-F2-etas05/log.txt,bc83d5ae9df9d5191c76e1e46fb3f21eef7d88bb,"","parameters pinned in experiments/designs/matrix_5x3_v9.toml (full-71 A-bill, ADR-0022 sectoral labour markets); planned | executed 2026-09-19 (see runs/matrix_5x3-v9-BETA-F2-etas05/manifest.toml) | C1 (2026-09-20): the gdp_* metrics of this run are wrong (sectoral wage vector collapsed in gdp_components); superseded by matrix_5x3_v10 (solutions unaffected; see the matrix_5x3_v9 flow-table banner)"
matrix_5x3-v9-BETA-F3-etas05,matrix_5x3_v9,executed,BETA,F3,1.0,0.5,0.5,0.5,0.9,impulses.csv,1.0,full-71-abill,runs/matrix_5x3-v9-BETA-F3-etas05/manifest.toml; runs/matrix_5x3-v9-BETA-F3-etas05/log.txt,bc83d5ae9df9d5191c76e1e46fb3f21eef7d88bb,"","parameters pinned in experiments/designs/matrix_5x3_v9.toml (full-71 A-bill, ADR-0022 sectoral labour markets); planned | executed 2026-09-19 (see runs/matrix_5x3-v9-BETA-F3-etas05/manifest.toml) | C1 (2026-09-20): the gdp_* metrics of this run are wrong (sectoral wage vector collapsed in gdp_components); superseded by matrix_5x3_v10 (solutions unaffected; see the matrix_5x3_v9 flow-table banner)"
matrix_5x3-v9-BETA-F1-etas1,matrix_5x3_v9,executed,BETA,F1,1.0,1.0,0.5,0.5,0.9,impulses.csv,1.0,full-71-abill,runs/matrix_5x3-v9-BETA-F1-etas1/manifest.toml; runs/matrix_5x3-v9-BETA-F1-etas1/log.txt,bc83d5ae9df9d5191c76e1e46fb3f21eef7d88bb,"","parameters pinned in experiments/designs/matrix_5x3_v9.toml (full-71 A-bill, ADR-0022 sectoral labour markets); planned | executed 2026-09-19 (see runs/matrix_5x3-v9-BETA-F1-etas1/manifest.toml) | C1 (2026-09-20): the gdp_* metrics of this run are wrong (sectoral wage vector collapsed in gdp_components); superseded by matrix_5x3_v10 (solutions unaffected; see the matrix_5x3_v9 flow-table banner)"
matrix_5x3-v9-BETA-F2-etas1,matrix_5x3_v9,executed,BETA,F2,1.0,1.0,0.5,0.5,0.9,impulses.csv,1.0,full-71-abill,runs/matrix_5x3-v9-BETA-F2-etas1/manifest.toml; runs/matrix_5x3-v9-BETA-F2-etas1/log.txt,bc83d5ae9df9d5191c76e1e46fb3f21eef7d88bb,"","parameters pinned in experiments/designs/matrix_5x3_v9.toml (full-71 A-bill, ADR-0022 sectoral labour markets); planned | executed 2026-09-19 (see runs/matrix_5x3-v9-BETA-F2-etas1/manifest.toml) | C1 (2026-09-20): the gdp_* metrics of this run are wrong (sectoral wage vector collapsed in gdp_components); superseded by matrix_5x3_v10 (solutions unaffected; see the matrix_5x3_v9 flow-table banner)"
matrix_5x3-v9-BETA-F3-etas1,matrix_5x3_v9,executed,BETA,F3,1.0,1.0,0.5,0.5,0.9,impulses.csv,1.0,full-71-abill,runs/matrix_5x3-v9-BETA-F3-etas1/manifest.toml; runs/matrix_5x3-v9-BETA-F3-etas1/log.txt,bc83d5ae9df9d5191c76e1e46fb3f21eef7d88bb,"","parameters pinned in experiments/designs/matrix_5x3_v9.toml (full-71 A-bill, ADR-0022 sectoral labour markets); planned | executed 2026-09-19 (see runs/matrix_5x3-v9-BETA-F3-etas1/manifest.toml) | C1 (2026-09-20): the gdp_* metrics of this run are wrong (sectoral wage vector collapsed in gdp_components); superseded by matrix_5x3_v10 (solutions unaffected; see the matrix_5x3_v9 flow-table banner)"
matrix_5x3-v9-BETA-F1-etas2,matrix_5x3_v9,executed,BETA,F1,1.0,2.0,0.5,0.5,0.9,impulses.csv,1.0,full-71-abill,runs/matrix_5x3-v9-BETA-F1-etas2/manifest.toml; runs/matrix_5x3-v9-BETA-F1-etas2/log.txt,bc83d5ae9df9d5191c76e1e46fb3f21eef7d88bb,"","parameters pinned in experiments/designs/matrix_5x3_v9.toml (full-71 A-bill, ADR-0022 sectoral labour markets); planned | executed 2026-09-19 (see runs/matrix_5x3-v9-BETA-F1-etas2/manifest.toml) | C1 (2026-09-20): the gdp_* metrics of this run are wrong (sectoral wage vector collapsed in gdp_components); superseded by matrix_5x3_v10 (solutions unaffected; see the matrix_5x3_v9 flow-table banner)"
matrix_5x3-v9-BETA-F2-etas2,matrix_5x3_v9,executed,BETA,F2,1.0,2.0,0.5,0.5,0.9,impulses.csv,1.0,full-71-abill,runs/matrix_5x3-v9-BETA-F2-etas2/manifest.toml; runs/matrix_5x3-v9-BETA-F2-etas2/log.txt,bc83d5ae9df9d5191c76e1e46fb3f21eef7d88bb,"","parameters pinned in experiments/designs/matrix_5x3_v9.toml (full-71 A-bill, ADR-0022 sectoral labour markets); planned | executed 2026-09-19 (see runs/matrix_5x3-v9-BETA-F2-etas2/manifest.toml) | C1 (2026-09-20): the gdp_* metrics of this run are wrong (sectoral wage vector collapsed in gdp_components); superseded by matrix_5x3_v10 (solutions unaffected; see the matrix_5x3_v9 flow-table banner)"
matrix_5x3-v9-BETA-F3-etas2,matrix_5x3_v9,executed,BETA,F3,1.0,2.0,0.5,0.5,0.9,impulses.csv,1.0,full-71-abill,runs/matrix_5x3-v9-BETA-F3-etas2/manifest.toml; runs/matrix_5x3-v9-BETA-F3-etas2/log.txt,bc83d5ae9df9d5191c76e1e46fb3f21eef7d88bb,"","parameters pinned in experiments/designs/matrix_5x3_v9.toml (full-71 A-bill, ADR-0022 sectoral labour markets); planned | executed 2026-09-19 (see runs/matrix_5x3-v9-BETA-F3-etas2/manifest.toml) | C1 (2026-09-20): the gdp_* metrics of this run are wrong (sectoral wage vector collapsed in gdp_components); superseded by matrix_5x3_v10 (solutions unaffected; see the matrix_5x3_v9 flow-table banner)"
matrix_5x3-v9-BETA-F1-rigidprog,matrix_5x3_v9,executed,BETA,F1,1.0,0.5,0.5,0.5,0.9,impulses.csv,1.0,full-71-abill,runs/matrix_5x3-v9-BETA-F1-rigidprog/manifest.toml; runs/matrix_5x3-v9-BETA-F1-rigidprog/log.txt,bc83d5ae9df9d5191c76e1e46fb3f21eef7d88bb,"","parameters pinned in experiments/designs/matrix_5x3_v9.toml (full-71 A-bill, ADR-0022 sectoral labour markets, rigid group programme); planned | executed 2026-09-19 (see runs/matrix_5x3-v9-BETA-F1-rigidprog/manifest.toml) | C1 (2026-09-20): the gdp_* metrics of this run are wrong (sectoral wage vector collapsed in gdp_components); superseded by matrix_5x3_v10 (solutions unaffected; see the matrix_5x3_v9 flow-table banner)"
matrix_5x3-v9-BETA-F2-rigidprog,matrix_5x3_v9,executed,BETA,F2,1.0,0.5,0.5,0.5,0.9,impulses.csv,1.0,full-71-abill,runs/matrix_5x3-v9-BETA-F2-rigidprog/manifest.toml; runs/matrix_5x3-v9-BETA-F2-rigidprog/log.txt,bc83d5ae9df9d5191c76e1e46fb3f21eef7d88bb,"","parameters pinned in experiments/designs/matrix_5x3_v9.toml (full-71 A-bill, ADR-0022 sectoral labour markets, rigid group programme); planned | executed 2026-09-19 (see runs/matrix_5x3-v9-BETA-F2-rigidprog/manifest.toml) | C1 (2026-09-20): the gdp_* metrics of this run are wrong (sectoral wage vector collapsed in gdp_components); superseded by matrix_5x3_v10 (solutions unaffected; see the matrix_5x3_v9 flow-table banner)"
matrix_5x3-v9-BETA-F3-rigidprog,matrix_5x3_v9,executed,BETA,F3,1.0,0.5,0.5,0.5,0.9,impulses.csv,1.0,full-71-abill,runs/matrix_5x3-v9-BETA-F3-rigidprog/manifest.toml; runs/matrix_5x3-v9-BETA-F3-rigidprog/log.txt,bc83d5ae9df9d5191c76e1e46fb3f21eef7d88bb,"","parameters pinned in experiments/designs/matrix_5x3_v9.toml (full-71 A-bill, ADR-0022 sectoral labour markets, rigid group programme); planned | executed 2026-09-19 (see runs/matrix_5x3-v9-BETA-F3-rigidprog/manifest.toml) | C1 (2026-09-20): the gdp_* metrics of this run are wrong (sectoral wage vector collapsed in gdp_components); superseded by matrix_5x3_v10 (solutions unaffected; see the matrix_5x3_v9 flow-table banner)"
matrix_5x3-v9-BETA-F1-rigidhalf,matrix_5x3_v9,executed,BETA,F1,1.0,0.5,0.5,0.5,0.9,impulses.csv,1.0,full-71-abill,runs/matrix_5x3-v9-BETA-F1-rigidhalf/manifest.toml; runs/matrix_5x3-v9-BETA-F1-rigidhalf/log.txt,bc83d5ae9df9d5191c76e1e46fb3f21eef7d88bb,"","parameters pinned in experiments/designs/matrix_5x3_v9.toml (full-71 A-bill, ADR-0022 sectoral labour markets, rigid group largest_half); planned | executed 2026-09-19 (see runs/matrix_5x3-v9-BETA-F1-rigidhalf/manifest.toml) | C1 (2026-09-20): the gdp_* metrics of this run are wrong (sectoral wage vector collapsed in gdp_components); superseded by matrix_5x3_v10 (solutions unaffected; see the matrix_5x3_v9 flow-table banner)"
matrix_5x3-v9-BETA-F2-rigidhalf,matrix_5x3_v9,executed,BETA,F2,1.0,0.5,0.5,0.5,0.9,impulses.csv,1.0,full-71-abill,runs/matrix_5x3-v9-BETA-F2-rigidhalf/manifest.toml; runs/matrix_5x3-v9-BETA-F2-rigidhalf/log.txt,bc83d5ae9df9d5191c76e1e46fb3f21eef7d88bb,"","parameters pinned in experiments/designs/matrix_5x3_v9.toml (full-71 A-bill, ADR-0022 sectoral labour markets, rigid group largest_half); planned | executed 2026-09-19 (see runs/matrix_5x3-v9-BETA-F2-rigidhalf/manifest.toml) | C1 (2026-09-20): the gdp_* metrics of this run are wrong (sectoral wage vector collapsed in gdp_components); superseded by matrix_5x3_v10 (solutions unaffected; see the matrix_5x3_v9 flow-table banner)"
matrix_5x3-v9-BETA-F3-rigidhalf,matrix_5x3_v9,executed,BETA,F3,1.0,0.5,0.5,0.5,0.9,impulses.csv,1.0,full-71-abill,runs/matrix_5x3-v9-BETA-F3-rigidhalf/manifest.toml; runs/matrix_5x3-v9-BETA-F3-rigidhalf/log.txt,bc83d5ae9df9d5191c76e1e46fb3f21eef7d88bb,"","parameters pinned in experiments/designs/matrix_5x3_v9.toml (full-71 A-bill, ADR-0022 sectoral labour markets, rigid group largest_half); planned | executed 2026-09-19 (see runs/matrix_5x3-v9-BETA-F3-rigidhalf/manifest.toml) | C1 (2026-09-20): the gdp_* metrics of this run are wrong (sectoral wage vector collapsed in gdp_components); superseded by matrix_5x3_v10 (solutions unaffected; see the matrix_5x3_v9 flow-table banner)"
matrix_5x3-v10-BF-F1,matrix_5x3_v10,executed,BF,F1,0.0,0.0,0.5,0.5,0.9,impulses.csv,1.0,full-71-abill,runs/matrix_5x3-v10-BF-F1/manifest.toml; runs/matrix_5x3-v10-BF-F1/log.txt,979a58eaa44a269054e384a1d1a1220fffafd23a,calculato,"parameters pinned in experiments/designs/matrix_5x3_v10.toml (full-71 A-bill, ADR-0022 sectoral labour markets; C1-correction generation); planned | executed 2026-09-20 (see runs/matrix_5x3-v10-BF-F1/manifest.toml)"
matrix_5x3-v10-BF-F2,matrix_5x3_v10,executed,BF,F2,0.0,0.0,0.5,0.5,0.9,impulses.csv,1.0,full-71-abill,runs/matrix_5x3-v10-BF-F2/manifest.toml; runs/matrix_5x3-v10-BF-F2/log.txt,979a58eaa44a269054e384a1d1a1220fffafd23a,calculato,"parameters pinned in experiments/designs/matrix_5x3_v10.toml (full-71 A-bill, ADR-0022 sectoral labour markets; C1-correction generation); planned | executed 2026-09-20 (see runs/matrix_5x3-v10-BF-F2/manifest.toml)"
matrix_5x3-v10-BF-F3,matrix_5x3_v10,executed,BF,F3,0.0,0.0,0.5,0.5,0.9,impulses.csv,1.0,full-71-abill,runs/matrix_5x3-v10-BF-F3/manifest.toml; runs/matrix_5x3-v10-BF-F3/log.txt,979a58eaa44a269054e384a1d1a1220fffafd23a,calculato,"parameters pinned in experiments/designs/matrix_5x3_v10.toml (full-71 A-bill, ADR-0022 sectoral labour markets; C1-correction generation); planned | executed 2026-09-20 (see runs/matrix_5x3-v10-BF-F3/manifest.toml)"
matrix_5x3-v10-ALPHA-F1,matrix_5x3_v10,executed,ALPHA,F1,1.0,0.0,0.5,0.5,0.9,impulses.csv,1.0,full-71-abill,runs/matrix_5x3-v10-ALPHA-F1/manifest.toml; runs/matrix_5x3-v10-ALPHA-F1/log.txt,979a58eaa44a269054e384a1d1a1220fffafd23a,calculato,"parameters pinned in experiments/designs/matrix_5x3_v10.toml (full-71 A-bill, ADR-0022 sectoral labour markets; C1-correction generation); planned | executed 2026-09-20 (see runs/matrix_5x3-v10-ALPHA-F1/manifest.toml)"
matrix_5x3-v10-ALPHA-F2,matrix_5x3_v10,executed,ALPHA,F2,1.0,0.0,0.5,0.5,0.9,impulses.csv,1.0,full-71-abill,runs/matrix_5x3-v10-ALPHA-F2/manifest.toml; runs/matrix_5x3-v10-ALPHA-F2/log.txt,979a58eaa44a269054e384a1d1a1220fffafd23a,calculato,"parameters pinned in experiments/designs/matrix_5x3_v10.toml (full-71 A-bill, ADR-0022 sectoral labour markets; C1-correction generation); planned | executed 2026-09-20 (see runs/matrix_5x3-v10-ALPHA-F2/manifest.toml)"
matrix_5x3-v10-ALPHA-F3,matrix_5x3_v10,executed,ALPHA,F3,1.0,0.0,0.5,0.5,0.9,impulses.csv,1.0,full-71-abill,runs/matrix_5x3-v10-ALPHA-F3/manifest.toml; runs/matrix_5x3-v10-ALPHA-F3/log.txt,979a58eaa44a269054e384a1d1a1220fffafd23a,calculato,"parameters pinned in experiments/designs/matrix_5x3_v10.toml (full-71 A-bill, ADR-0022 sectoral labour markets; C1-correction generation); planned | executed 2026-09-20 (see runs/matrix_5x3-v10-ALPHA-F3/manifest.toml)"
matrix_5x3-v10-BETA-F1,matrix_5x3_v10,executed,BETA,F1,1.0,0.5,0.5,0.5,0.9,impulses.csv,1.0,full-71-abill,runs/matrix_5x3-v10-BETA-F1/manifest.toml; runs/matrix_5x3-v10-BETA-F1/log.txt,979a58eaa44a269054e384a1d1a1220fffafd23a,calculato,"parameters pinned in experiments/designs/matrix_5x3_v10.toml (full-71 A-bill, ADR-0022 sectoral labour markets; C1-correction generation); planned | executed 2026-09-20 (see runs/matrix_5x3-v10-BETA-F1/manifest.toml)"
matrix_5x3-v10-BETA-F2,matrix_5x3_v10,executed,BETA,F2,1.0,0.5,0.5,0.5,0.9,impulses.csv,1.0,full-71-abill,runs/matrix_5x3-v10-BETA-F2/manifest.toml; runs/matrix_5x3-v10-BETA-F2/log.txt,979a58eaa44a269054e384a1d1a1220fffafd23a,calculato,"parameters pinned in experiments/designs/matrix_5x3_v10.toml (full-71 A-bill, ADR-0022 sectoral labour markets; C1-correction generation); planned | executed 2026-09-20 (see runs/matrix_5x3-v10-BETA-F2/manifest.toml)"
matrix_5x3-v10-BETA-F3,matrix_5x3_v10,executed,BETA,F3,1.0,0.5,0.5,0.5,0.9,impulses.csv,1.0,full-71-abill,runs/matrix_5x3-v10-BETA-F3/manifest.toml; runs/matrix_5x3-v10-BETA-F3/log.txt,979a58eaa44a269054e384a1d1a1220fffafd23a,calculato,"parameters pinned in experiments/designs/matrix_5x3_v10.toml (full-71 A-bill, ADR-0022 sectoral labour markets; C1-correction generation); planned | executed 2026-09-20 (see runs/matrix_5x3-v10-BETA-F3/manifest.toml)"
matrix_5x3-v10-GAMMA-F1,matrix_5x3_v10,executed,GAMMA,F1,1.0,0.0,0.5,0.5,0.9,impulses.csv,1.0,full-71-abill,runs/matrix_5x3-v10-GAMMA-F1/manifest.toml; runs/matrix_5x3-v10-GAMMA-F1/log.txt,979a58eaa44a269054e384a1d1a1220fffafd23a,calculato,"parameters pinned in experiments/designs/matrix_5x3_v10.toml (full-71 A-bill, ADR-0022 sectoral labour markets; C1-correction generation); planned | executed 2026-09-20 (see runs/matrix_5x3-v10-GAMMA-F1/manifest.toml)"
matrix_5x3-v10-GAMMA-F2,matrix_5x3_v10,executed,GAMMA,F2,1.0,0.0,0.5,0.5,0.9,impulses.csv,1.0,full-71-abill,runs/matrix_5x3-v10-GAMMA-F2/manifest.toml; runs/matrix_5x3-v10-GAMMA-F2/log.txt,979a58eaa44a269054e384a1d1a1220fffafd23a,calculato,"parameters pinned in experiments/designs/matrix_5x3_v10.toml (full-71 A-bill, ADR-0022 sectoral labour markets; C1-correction generation); planned | executed 2026-09-20 (see runs/matrix_5x3-v10-GAMMA-F2/manifest.toml)"
matrix_5x3-v10-GAMMA-F3,matrix_5x3_v10,executed,GAMMA,F3,1.0,0.0,0.5,0.5,0.9,impulses.csv,1.0,full-71-abill,runs/matrix_5x3-v10-GAMMA-F3/manifest.toml; runs/matrix_5x3-v10-GAMMA-F3/log.txt,979a58eaa44a269054e384a1d1a1220fffafd23a,calculato,"parameters pinned in experiments/designs/matrix_5x3_v10.toml (full-71 A-bill, ADR-0022 sectoral labour markets; C1-correction generation); planned | executed 2026-09-20 (see runs/matrix_5x3-v10-GAMMA-F3/manifest.toml)"
matrix_5x3-v10-DELTA-F1,matrix_5x3_v10,executed,DELTA,F1,1.0,0.0,0.0001,0.0001,0.0001,impulses.csv,1.0,full-71-abill,runs/matrix_5x3-v10-DELTA-F1/manifest.toml; runs/matrix_5x3-v10-DELTA-F1/log.txt,979a58eaa44a269054e384a1d1a1220fffafd23a,calculato,"parameters pinned in experiments/designs/matrix_5x3_v10.toml (full-71 A-bill, ADR-0022 sectoral labour markets; C1-correction generation); planned | executed 2026-09-20 (see runs/matrix_5x3-v10-DELTA-F1/manifest.toml)"
matrix_5x3-v10-DELTA-F2,matrix_5x3_v10,executed,DELTA,F2,1.0,0.0,0.0001,0.0001,0.0001,impulses.csv,1.0,full-71-abill,runs/matrix_5x3-v10-DELTA-F2/manifest.toml; runs/matrix_5x3-v10-DELTA-F2/log.txt,979a58eaa44a269054e384a1d1a1220fffafd23a,calculato,"parameters pinned in experiments/designs/matrix_5x3_v10.toml (full-71 A-bill, ADR-0022 sectoral labour markets; C1-correction generation); planned | executed 2026-09-20 (see runs/matrix_5x3-v10-DELTA-F2/manifest.toml)"
matrix_5x3-v10-DELTA-F3,matrix_5x3_v10,executed,DELTA,F3,1.0,0.0,0.0001,0.0001,0.0001,impulses.csv,1.0,full-71-abill,runs/matrix_5x3-v10-DELTA-F3/manifest.toml; runs/matrix_5x3-v10-DELTA-F3/log.txt,979a58eaa44a269054e384a1d1a1220fffafd23a,calculato,"parameters pinned in experiments/designs/matrix_5x3_v10.toml (full-71 A-bill, ADR-0022 sectoral labour markets; C1-correction generation); planned | executed 2026-09-20 (see runs/matrix_5x3-v10-DELTA-F3/manifest.toml)"
matrix_5x3-v10-BETA-F1-etas025,matrix_5x3_v10,executed,BETA,F1,1.0,0.25,0.5,0.5,0.9,impulses.csv,1.0,full-71-abill,runs/matrix_5x3-v10-BETA-F1-etas025/manifest.toml; runs/matrix_5x3-v10-BETA-F1-etas025/log.txt,979a58eaa44a269054e384a1d1a1220fffafd23a,calculato,"parameters pinned in experiments/designs/matrix_5x3_v10.toml (full-71 A-bill, ADR-0022 sectoral labour markets; C1-correction generation); planned | executed 2026-09-20 (see runs/matrix_5x3-v10-BETA-F1-etas025/manifest.toml)"
matrix_5x3-v10-BETA-F2-etas025,matrix_5x3_v10,executed,BETA,F2,1.0,0.25,0.5,0.5,0.9,impulses.csv,1.0,full-71-abill,runs/matrix_5x3-v10-BETA-F2-etas025/manifest.toml; runs/matrix_5x3-v10-BETA-F2-etas025/log.txt,979a58eaa44a269054e384a1d1a1220fffafd23a,calculato,"parameters pinned in experiments/designs/matrix_5x3_v10.toml (full-71 A-bill, ADR-0022 sectoral labour markets; C1-correction generation); planned | executed 2026-09-20 (see runs/matrix_5x3-v10-BETA-F2-etas025/manifest.toml)"
matrix_5x3-v10-BETA-F3-etas025,matrix_5x3_v10,executed,BETA,F3,1.0,0.25,0.5,0.5,0.9,impulses.csv,1.0,full-71-abill,runs/matrix_5x3-v10-BETA-F3-etas025/manifest.toml; runs/matrix_5x3-v10-BETA-F3-etas025/log.txt,979a58eaa44a269054e384a1d1a1220fffafd23a,calculato,"parameters pinned in experiments/designs/matrix_5x3_v10.toml (full-71 A-bill, ADR-0022 sectoral labour markets; C1-correction generation); planned | executed 2026-09-20 (see runs/matrix_5x3-v10-BETA-F3-etas025/manifest.toml)"
matrix_5x3-v10-BETA-F1-etas05,matrix_5x3_v10,executed,BETA,F1,1.0,0.5,0.5,0.5,0.9,impulses.csv,1.0,full-71-abill,runs/matrix_5x3-v10-BETA-F1-etas05/manifest.toml; runs/matrix_5x3-v10-BETA-F1-etas05/log.txt,979a58eaa44a269054e384a1d1a1220fffafd23a,calculato,"parameters pinned in experiments/designs/matrix_5x3_v10.toml (full-71 A-bill, ADR-0022 sectoral labour markets; C1-correction generation); planned | executed 2026-09-20 (see runs/matrix_5x3-v10-BETA-F1-etas05/manifest.toml)"
matrix_5x3-v10-BETA-F2-etas05,matrix_5x3_v10,executed,BETA,F2,1.0,0.5,0.5,0.5,0.9,impulses.csv,1.0,full-71-abill,runs/matrix_5x3-v10-BETA-F2-etas05/manifest.toml; runs/matrix_5x3-v10-BETA-F2-etas05/log.txt,979a58eaa44a269054e384a1d1a1220fffafd23a,calculato,"parameters pinned in experiments/designs/matrix_5x3_v10.toml (full-71 A-bill, ADR-0022 sectoral labour markets; C1-correction generation); planned | executed 2026-09-20 (see runs/matrix_5x3-v10-BETA-F2-etas05/manifest.toml)"
matrix_5x3-v10-BETA-F3-etas05,matrix_5x3_v10,executed,BETA,F3,1.0,0.5,0.5,0.5,0.9,impulses.csv,1.0,full-71-abill,runs/matrix_5x3-v10-BETA-F3-etas05/manifest.toml; runs/matrix_5x3-v10-BETA-F3-etas05/log.txt,979a58eaa44a269054e384a1d1a1220fffafd23a,calculato,"parameters pinned in experiments/designs/matrix_5x3_v10.toml (full-71 A-bill, ADR-0022 sectoral labour markets; C1-correction generation); planned | executed 2026-09-20 (see runs/matrix_5x3-v10-BETA-F3-etas05/manifest.toml)"
matrix_5x3-v10-BETA-F1-etas1,matrix_5x3_v10,executed,BETA,F1,1.0,1.0,0.5,0.5,0.9,impulses.csv,1.0,full-71-abill,runs/matrix_5x3-v10-BETA-F1-etas1/manifest.toml; runs/matrix_5x3-v10-BETA-F1-etas1/log.txt,979a58eaa44a269054e384a1d1a1220fffafd23a,calculato,"parameters pinned in experiments/designs/matrix_5x3_v10.toml (full-71 A-bill, ADR-0022 sectoral labour markets; C1-correction generation); planned | executed 2026-09-20 (see runs/matrix_5x3-v10-BETA-F1-etas1/manifest.toml)"
matrix_5x3-v10-BETA-F2-etas1,matrix_5x3_v10,executed,BETA,F2,1.0,1.0,0.5,0.5,0.9,impulses.csv,1.0,full-71-abill,runs/matrix_5x3-v10-BETA-F2-etas1/manifest.toml; runs/matrix_5x3-v10-BETA-F2-etas1/log.txt,979a58eaa44a269054e384a1d1a1220fffafd23a,calculato,"parameters pinned in experiments/designs/matrix_5x3_v10.toml (full-71 A-bill, ADR-0022 sectoral labour markets; C1-correction generation); planned | executed 2026-09-20 (see runs/matrix_5x3-v10-BETA-F2-etas1/manifest.toml)"
matrix_5x3-v10-BETA-F3-etas1,matrix_5x3_v10,executed,BETA,F3,1.0,1.0,0.5,0.5,0.9,impulses.csv,1.0,full-71-abill,runs/matrix_5x3-v10-BETA-F3-etas1/manifest.toml; runs/matrix_5x3-v10-BETA-F3-etas1/log.txt,979a58eaa44a269054e384a1d1a1220fffafd23a,calculato,"parameters pinned in experiments/designs/matrix_5x3_v10.toml (full-71 A-bill, ADR-0022 sectoral labour markets; C1-correction generation); planned | executed 2026-09-20 (see runs/matrix_5x3-v10-BETA-F3-etas1/manifest.toml)"
matrix_5x3-v10-BETA-F1-etas2,matrix_5x3_v10,executed,BETA,F1,1.0,2.0,0.5,0.5,0.9,impulses.csv,1.0,full-71-abill,runs/matrix_5x3-v10-BETA-F1-etas2/manifest.toml; runs/matrix_5x3-v10-BETA-F1-etas2/log.txt,979a58eaa44a269054e384a1d1a1220fffafd23a,calculato,"parameters pinned in experiments/designs/matrix_5x3_v10.toml (full-71 A-bill, ADR-0022 sectoral labour markets; C1-correction generation); planned | executed 2026-09-20 (see runs/matrix_5x3-v10-BETA-F1-etas2/manifest.toml)"
matrix_5x3-v10-BETA-F2-etas2,matrix_5x3_v10,executed,BETA,F2,1.0,2.0,0.5,0.5,0.9,impulses.csv,1.0,full-71-abill,runs/matrix_5x3-v10-BETA-F2-etas2/manifest.toml; runs/matrix_5x3-v10-BETA-F2-etas2/log.txt,979a58eaa44a269054e384a1d1a1220fffafd23a,calculato,"parameters pinned in experiments/designs/matrix_5x3_v10.toml (full-71 A-bill, ADR-0022 sectoral labour markets; C1-correction generation); planned | executed 2026-09-20 (see runs/matrix_5x3-v10-BETA-F2-etas2/manifest.toml)"
matrix_5x3-v10-BETA-F3-etas2,matrix_5x3_v10,executed,BETA,F3,1.0,2.0,0.5,0.5,0.9,impulses.csv,1.0,full-71-abill,runs/matrix_5x3-v10-BETA-F3-etas2/manifest.toml; runs/matrix_5x3-v10-BETA-F3-etas2/log.txt,979a58eaa44a269054e384a1d1a1220fffafd23a,calculato,"parameters pinned in experiments/designs/matrix_5x3_v10.toml (full-71 A-bill, ADR-0022 sectoral labour markets; C1-correction generation); planned | executed 2026-09-20 (see runs/matrix_5x3-v10-BETA-F3-etas2/manifest.toml)"
matrix_5x3-v10-BETA-F1-rigidprog,matrix_5x3_v10,executed,BETA,F1,1.0,0.5,0.5,0.5,0.9,impulses.csv,1.0,full-71-abill,runs/matrix_5x3-v10-BETA-F1-rigidprog/manifest.toml; runs/matrix_5x3-v10-BETA-F1-rigidprog/log.txt,979a58eaa44a269054e384a1d1a1220fffafd23a,calculato,"parameters pinned in experiments/designs/matrix_5x3_v10.toml (full-71 A-bill, ADR-0022 sectoral labour markets; C1-correction generation); planned | executed 2026-09-20 (see runs/matrix_5x3-v10-BETA-F1-rigidprog/manifest.toml)"
matrix_5x3-v10-BETA-F2-rigidprog,matrix_5x3_v10,executed,BETA,F2,1.0,0.5,0.5,0.5,0.9,impulses.csv,1.0,full-71-abill,runs/matrix_5x3-v10-BETA-F2-rigidprog/manifest.toml; runs/matrix_5x3-v10-BETA-F2-rigidprog/log.txt,979a58eaa44a269054e384a1d1a1220fffafd23a,calculato,"parameters pinned in experiments/designs/matrix_5x3_v10.toml (full-71 A-bill, ADR-0022 sectoral labour markets; C1-correction generation); planned | executed 2026-09-20 (see runs/matrix_5x3-v10-BETA-F2-rigidprog/manifest.toml)"
matrix_5x3-v10-BETA-F3-rigidprog,matrix_5x3_v10,executed,BETA,F3,1.0,0.5,0.5,0.5,0.9,impulses.csv,1.0,full-71-abill,runs/matrix_5x3-v10-BETA-F3-rigidprog/manifest.toml; runs/matrix_5x3-v10-BETA-F3-rigidprog/log.txt,979a58eaa44a269054e384a1d1a1220fffafd23a,calculato,"parameters pinned in experiments/designs/matrix_5x3_v10.toml (full-71 A-bill, ADR-0022 sectoral labour markets; C1-correction generation); planned | executed 2026-09-20 (see runs/matrix_5x3-v10-BETA-F3-rigidprog/manifest.toml)"
matrix_5x3-v10-BETA-F1-rigidhalf,matrix_5x3_v10,executed,BETA,F1,1.0,0.5,0.5,0.5,0.9,impulses.csv,1.0,full-71-abill,runs/matrix_5x3-v10-BETA-F1-rigidhalf/manifest.toml; runs/matrix_5x3-v10-BETA-F1-rigidhalf/log.txt,979a58eaa44a269054e384a1d1a1220fffafd23a,calculato,"parameters pinned in experiments/designs/matrix_5x3_v10.toml (full-71 A-bill, ADR-0022 sectoral labour markets; C1-correction generation); planned | executed 2026-09-20 (see runs/matrix_5x3-v10-BETA-F1-rigidhalf/manifest.toml)"
matrix_5x3-v10-BETA-F2-rigidhalf,matrix_5x3_v10,executed,BETA,F2,1.0,0.5,0.5,0.5,0.9,impulses.csv,1.0,full-71-abill,runs/matrix_5x3-v10-BETA-F2-rigidhalf/manifest.toml; runs/matrix_5x3-v10-BETA-F2-rigidhalf/log.txt,979a58eaa44a269054e384a1d1a1220fffafd23a,calculato,"parameters pinned in experiments/designs/matrix_5x3_v10.toml (full-71 A-bill, ADR-0022 sectoral labour markets; C1-correction generation); planned | executed 2026-09-20 (see runs/matrix_5x3-v10-BETA-F2-rigidhalf/manifest.toml)"
matrix_5x3-v10-BETA-F3-rigidhalf,matrix_5x3_v10,executed,BETA,F3,1.0,0.5,0.5,0.5,0.9,impulses.csv,1.0,full-71-abill,runs/matrix_5x3-v10-BETA-F3-rigidhalf/manifest.toml; runs/matrix_5x3-v10-BETA-F3-rigidhalf/log.txt,979a58eaa44a269054e384a1d1a1220fffafd23a,calculato,"parameters pinned in experiments/designs/matrix_5x3_v10.toml (full-71 A-bill, ADR-0022 sectoral labour markets; C1-correction generation); planned | executed 2026-09-20 (see runs/matrix_5x3-v10-BETA-F3-rigidhalf/manifest.toml)"
supply_etas_s1-ALPHA-F1-m11,supply_etas_s1,executed,ALPHA,F1,1.0,0.0,0.5,0.5,0.9,sectoral:supply,1.1,full-71-abill,runs/supply_etas_s1-ALPHA-F1-m11/manifest.toml; runs/supply_etas_s1-ALPHA-F1-m11/log.txt,1cc4ab821ddc144ad1e4be4a2f50bae030da60b6,hermes-agent,supply arm s1: A1=1.1 | executed 2026-09-20 (see runs/supply_etas_s1-ALPHA-F1-m11/manifest.toml)
supply_etas_s1-ALPHA-F2-m11,supply_etas_s1,executed,ALPHA,F2,1.0,0.0,0.5,0.5,0.9,sectoral:supply,1.1,full-71-abill,runs/supply_etas_s1-ALPHA-F2-m11/manifest.toml; runs/supply_etas_s1-ALPHA-F2-m11/log.txt,1cc4ab821ddc144ad1e4be4a2f50bae030da60b6,hermes-agent,supply arm s1: A1=1.1 | executed 2026-09-20 (see runs/supply_etas_s1-ALPHA-F2-m11/manifest.toml)
supply_etas_s1-ALPHA-F3-m11,supply_etas_s1,executed,ALPHA,F3,1.0,0.0,0.5,0.5,0.9,sectoral:supply,1.1,full-71-abill,runs/supply_etas_s1-ALPHA-F3-m11/manifest.toml; runs/supply_etas_s1-ALPHA-F3-m11/log.txt,1cc4ab821ddc144ad1e4be4a2f50bae030da60b6,hermes-agent,supply arm s1: A1=1.1 | executed 2026-09-20 (see runs/supply_etas_s1-ALPHA-F3-m11/manifest.toml)
supply_etas_s1-ALPHA-F1-m12,supply_etas_s1,executed,ALPHA,F1,1.0,0.0,0.5,0.5,0.9,sectoral:supply,1.2,full-71-abill,runs/supply_etas_s1-ALPHA-F1-m12/manifest.toml; runs/supply_etas_s1-ALPHA-F1-m12/log.txt,1cc4ab821ddc144ad1e4be4a2f50bae030da60b6,hermes-agent,supply arm s1: A1=1.2 | executed 2026-09-20 (see runs/supply_etas_s1-ALPHA-F1-m12/manifest.toml)
supply_etas_s1-ALPHA-F2-m12,supply_etas_s1,executed,ALPHA,F2,1.0,0.0,0.5,0.5,0.9,sectoral:supply,1.2,full-71-abill,runs/supply_etas_s1-ALPHA-F2-m12/manifest.toml; runs/supply_etas_s1-ALPHA-F2-m12/log.txt,1cc4ab821ddc144ad1e4be4a2f50bae030da60b6,hermes-agent,supply arm s1: A1=1.2 | executed 2026-09-20 (see runs/supply_etas_s1-ALPHA-F2-m12/manifest.toml)
supply_etas_s1-ALPHA-F3-m12,supply_etas_s1,executed,ALPHA,F3,1.0,0.0,0.5,0.5,0.9,sectoral:supply,1.2,full-71-abill,runs/supply_etas_s1-ALPHA-F3-m12/manifest.toml; runs/supply_etas_s1-ALPHA-F3-m12/log.txt,1cc4ab821ddc144ad1e4be4a2f50bae030da60b6,hermes-agent,supply arm s1: A1=1.2 | executed 2026-09-20 (see runs/supply_etas_s1-ALPHA-F3-m12/manifest.toml)
supply_etas_s1-ALPHA-F1-m13,supply_etas_s1,executed,ALPHA,F1,1.0,0.0,0.5,0.5,0.9,sectoral:supply,1.3,full-71-abill,runs/supply_etas_s1-ALPHA-F1-m13/manifest.toml; runs/supply_etas_s1-ALPHA-F1-m13/log.txt,1cc4ab821ddc144ad1e4be4a2f50bae030da60b6,hermes-agent,supply arm s1: A1=1.3 | executed 2026-09-20 (see runs/supply_etas_s1-ALPHA-F1-m13/manifest.toml)
supply_etas_s1-ALPHA-F2-m13,supply_etas_s1,executed,ALPHA,F2,1.0,0.0,0.5,0.5,0.9,sectoral:supply,1.3,full-71-abill,runs/supply_etas_s1-ALPHA-F2-m13/manifest.toml; runs/supply_etas_s1-ALPHA-F2-m13/log.txt,1cc4ab821ddc144ad1e4be4a2f50bae030da60b6,hermes-agent,supply arm s1: A1=1.3 | executed 2026-09-20 (see runs/supply_etas_s1-ALPHA-F2-m13/manifest.toml)
supply_etas_s1-ALPHA-F3-m13,supply_etas_s1,executed,ALPHA,F3,1.0,0.0,0.5,0.5,0.9,sectoral:supply,1.3,full-71-abill,runs/supply_etas_s1-ALPHA-F3-m13/manifest.toml; runs/supply_etas_s1-ALPHA-F3-m13/log.txt,1cc4ab821ddc144ad1e4be4a2f50bae030da60b6,hermes-agent,supply arm s1: A1=1.3 | executed 2026-09-20 (see runs/supply_etas_s1-ALPHA-F3-m13/manifest.toml)
supply_etas_s1-BETA-F1-e05-m11,supply_etas_s1,executed,BETA,F1,1.0,0.5,0.5,0.5,0.9,sectoral:supply,1.1,full-71-abill,runs/supply_etas_s1-BETA-F1-e05-m11/manifest.toml; runs/supply_etas_s1-BETA-F1-e05-m11/log.txt,1cc4ab821ddc144ad1e4be4a2f50bae030da60b6,hermes-agent,supply arm s1: A1=1.1 | executed 2026-09-20 (see runs/supply_etas_s1-BETA-F1-e05-m11/manifest.toml)
supply_etas_s1-BETA-F2-e05-m11,supply_etas_s1,executed,BETA,F2,1.0,0.5,0.5,0.5,0.9,sectoral:supply,1.1,full-71-abill,runs/supply_etas_s1-BETA-F2-e05-m11/manifest.toml; runs/supply_etas_s1-BETA-F2-e05-m11/log.txt,1cc4ab821ddc144ad1e4be4a2f50bae030da60b6,hermes-agent,supply arm s1: A1=1.1 | executed 2026-09-20 (see runs/supply_etas_s1-BETA-F2-e05-m11/manifest.toml)
supply_etas_s1-BETA-F3-e05-m11,supply_etas_s1,executed,BETA,F3,1.0,0.5,0.5,0.5,0.9,sectoral:supply,1.1,full-71-abill,runs/supply_etas_s1-BETA-F3-e05-m11/manifest.toml; runs/supply_etas_s1-BETA-F3-e05-m11/log.txt,1cc4ab821ddc144ad1e4be4a2f50bae030da60b6,hermes-agent,supply arm s1: A1=1.1 | executed 2026-09-20 (see runs/supply_etas_s1-BETA-F3-e05-m11/manifest.toml)
supply_etas_s1-BETA-F1-e05-m12,supply_etas_s1,executed,BETA,F1,1.0,0.5,0.5,0.5,0.9,sectoral:supply,1.2,full-71-abill,runs/supply_etas_s1-BETA-F1-e05-m12/manifest.toml; runs/supply_etas_s1-BETA-F1-e05-m12/log.txt,1cc4ab821ddc144ad1e4be4a2f50bae030da60b6,hermes-agent,supply arm s1: A1=1.2 | executed 2026-09-20 (see runs/supply_etas_s1-BETA-F1-e05-m12/manifest.toml)
supply_etas_s1-BETA-F2-e05-m12,supply_etas_s1,executed,BETA,F2,1.0,0.5,0.5,0.5,0.9,sectoral:supply,1.2,full-71-abill,runs/supply_etas_s1-BETA-F2-e05-m12/manifest.toml; runs/supply_etas_s1-BETA-F2-e05-m12/log.txt,1cc4ab821ddc144ad1e4be4a2f50bae030da60b6,hermes-agent,supply arm s1: A1=1.2 | executed 2026-09-20 (see runs/supply_etas_s1-BETA-F2-e05-m12/manifest.toml)
supply_etas_s1-BETA-F3-e05-m12,supply_etas_s1,executed,BETA,F3,1.0,0.5,0.5,0.5,0.9,sectoral:supply,1.2,full-71-abill,runs/supply_etas_s1-BETA-F3-e05-m12/manifest.toml; runs/supply_etas_s1-BETA-F3-e05-m12/log.txt,1cc4ab821ddc144ad1e4be4a2f50bae030da60b6,hermes-agent,supply arm s1: A1=1.2 | executed 2026-09-20 (see runs/supply_etas_s1-BETA-F3-e05-m12/manifest.toml)
supply_etas_s1-BETA-F1-e05-m13,supply_etas_s1,executed,BETA,F1,1.0,0.5,0.5,0.5,0.9,sectoral:supply,1.3,full-71-abill,runs/supply_etas_s1-BETA-F1-e05-m13/manifest.toml; runs/supply_etas_s1-BETA-F1-e05-m13/log.txt,1cc4ab821ddc144ad1e4be4a2f50bae030da60b6,hermes-agent,supply arm s1: A1=1.3 | executed 2026-09-20 (see runs/supply_etas_s1-BETA-F1-e05-m13/manifest.toml)
supply_etas_s1-BETA-F2-e05-m13,supply_etas_s1,executed,BETA,F2,1.0,0.5,0.5,0.5,0.9,sectoral:supply,1.3,full-71-abill,runs/supply_etas_s1-BETA-F2-e05-m13/manifest.toml; runs/supply_etas_s1-BETA-F2-e05-m13/log.txt,1cc4ab821ddc144ad1e4be4a2f50bae030da60b6,hermes-agent,supply arm s1: A1=1.3 | executed 2026-09-20 (see runs/supply_etas_s1-BETA-F2-e05-m13/manifest.toml)
supply_etas_s1-BETA-F3-e05-m13,supply_etas_s1,executed,BETA,F3,1.0,0.5,0.5,0.5,0.9,sectoral:supply,1.3,full-71-abill,runs/supply_etas_s1-BETA-F3-e05-m13/manifest.toml; runs/supply_etas_s1-BETA-F3-e05-m13/log.txt,1cc4ab821ddc144ad1e4be4a2f50bae030da60b6,hermes-agent,supply arm s1: A1=1.3 | executed 2026-09-20 (see runs/supply_etas_s1-BETA-F3-e05-m13/manifest.toml)
supply_etas_s1-BETA-F1-e1-m11,supply_etas_s1,executed,BETA,F1,1.0,1.0,0.5,0.5,0.9,sectoral:supply,1.1,full-71-abill,runs/supply_etas_s1-BETA-F1-e1-m11/manifest.toml; runs/supply_etas_s1-BETA-F1-e1-m11/log.txt,1cc4ab821ddc144ad1e4be4a2f50bae030da60b6,hermes-agent,supply arm s1: A1=1.1 | executed 2026-09-20 (see runs/supply_etas_s1-BETA-F1-e1-m11/manifest.toml)
supply_etas_s1-BETA-F2-e1-m11,supply_etas_s1,executed,BETA,F2,1.0,1.0,0.5,0.5,0.9,sectoral:supply,1.1,full-71-abill,runs/supply_etas_s1-BETA-F2-e1-m11/manifest.toml; runs/supply_etas_s1-BETA-F2-e1-m11/log.txt,1cc4ab821ddc144ad1e4be4a2f50bae030da60b6,hermes-agent,supply arm s1: A1=1.1 | executed 2026-09-20 (see runs/supply_etas_s1-BETA-F2-e1-m11/manifest.toml)
supply_etas_s1-BETA-F3-e1-m11,supply_etas_s1,executed,BETA,F3,1.0,1.0,0.5,0.5,0.9,sectoral:supply,1.1,full-71-abill,runs/supply_etas_s1-BETA-F3-e1-m11/manifest.toml; runs/supply_etas_s1-BETA-F3-e1-m11/log.txt,1cc4ab821ddc144ad1e4be4a2f50bae030da60b6,hermes-agent,supply arm s1: A1=1.1 | executed 2026-09-20 (see runs/supply_etas_s1-BETA-F3-e1-m11/manifest.toml)
supply_etas_s1-BETA-F1-e1-m12,supply_etas_s1,executed,BETA,F1,1.0,1.0,0.5,0.5,0.9,sectoral:supply,1.2,full-71-abill,runs/supply_etas_s1-BETA-F1-e1-m12/manifest.toml; runs/supply_etas_s1-BETA-F1-e1-m12/log.txt,1cc4ab821ddc144ad1e4be4a2f50bae030da60b6,hermes-agent,supply arm s1: A1=1.2 | executed 2026-09-20 (see runs/supply_etas_s1-BETA-F1-e1-m12/manifest.toml)
supply_etas_s1-BETA-F2-e1-m12,supply_etas_s1,executed,BETA,F2,1.0,1.0,0.5,0.5,0.9,sectoral:supply,1.2,full-71-abill,runs/supply_etas_s1-BETA-F2-e1-m12/manifest.toml; runs/supply_etas_s1-BETA-F2-e1-m12/log.txt,1cc4ab821ddc144ad1e4be4a2f50bae030da60b6,hermes-agent,supply arm s1: A1=1.2 | executed 2026-09-20 (see runs/supply_etas_s1-BETA-F2-e1-m12/manifest.toml)
supply_etas_s1-BETA-F3-e1-m12,supply_etas_s1,executed,BETA,F3,1.0,1.0,0.5,0.5,0.9,sectoral:supply,1.2,full-71-abill,runs/supply_etas_s1-BETA-F3-e1-m12/manifest.toml; runs/supply_etas_s1-BETA-F3-e1-m12/log.txt,1cc4ab821ddc144ad1e4be4a2f50bae030da60b6,hermes-agent,supply arm s1: A1=1.2 | executed 2026-09-20 (see runs/supply_etas_s1-BETA-F3-e1-m12/manifest.toml)
supply_etas_s1-BETA-F1-e1-m13,supply_etas_s1,executed,BETA,F1,1.0,1.0,0.5,0.5,0.9,sectoral:supply,1.3,full-71-abill,runs/supply_etas_s1-BETA-F1-e1-m13/manifest.toml; runs/supply_etas_s1-BETA-F1-e1-m13/log.txt,1cc4ab821ddc144ad1e4be4a2f50bae030da60b6,hermes-agent,supply arm s1: A1=1.3 | executed 2026-09-20 (see runs/supply_etas_s1-BETA-F1-e1-m13/manifest.toml)
supply_etas_s1-BETA-F2-e1-m13,supply_etas_s1,executed,BETA,F2,1.0,1.0,0.5,0.5,0.9,sectoral:supply,1.3,full-71-abill,runs/supply_etas_s1-BETA-F2-e1-m13/manifest.toml; runs/supply_etas_s1-BETA-F2-e1-m13/log.txt,1cc4ab821ddc144ad1e4be4a2f50bae030da60b6,hermes-agent,supply arm s1: A1=1.3 | executed 2026-09-20 (see runs/supply_etas_s1-BETA-F2-e1-m13/manifest.toml)
supply_etas_s1-BETA-F3-e1-m13,supply_etas_s1,executed,BETA,F3,1.0,1.0,0.5,0.5,0.9,sectoral:supply,1.3,full-71-abill,runs/supply_etas_s1-BETA-F3-e1-m13/manifest.toml; runs/supply_etas_s1-BETA-F3-e1-m13/log.txt,1cc4ab821ddc144ad1e4be4a2f50bae030da60b6,hermes-agent,supply arm s1: A1=1.3 | executed 2026-09-20 (see runs/supply_etas_s1-BETA-F3-e1-m13/manifest.toml)
supply_etas_s1-BETA-F1-e2-m11,supply_etas_s1,executed,BETA,F1,1.0,2.0,0.5,0.5,0.9,sectoral:supply,1.1,full-71-abill,runs/supply_etas_s1-BETA-F1-e2-m11/manifest.toml; runs/supply_etas_s1-BETA-F1-e2-m11/log.txt,1cc4ab821ddc144ad1e4be4a2f50bae030da60b6,hermes-agent,supply arm s1: A1=1.1 | executed 2026-09-20 (see runs/supply_etas_s1-BETA-F1-e2-m11/manifest.toml)
supply_etas_s1-BETA-F2-e2-m11,supply_etas_s1,executed,BETA,F2,1.0,2.0,0.5,0.5,0.9,sectoral:supply,1.1,full-71-abill,runs/supply_etas_s1-BETA-F2-e2-m11/manifest.toml; runs/supply_etas_s1-BETA-F2-e2-m11/log.txt,1cc4ab821ddc144ad1e4be4a2f50bae030da60b6,hermes-agent,supply arm s1: A1=1.1 | executed 2026-09-20 (see runs/supply_etas_s1-BETA-F2-e2-m11/manifest.toml)
supply_etas_s1-BETA-F3-e2-m11,supply_etas_s1,executed,BETA,F3,1.0,2.0,0.5,0.5,0.9,sectoral:supply,1.1,full-71-abill,runs/supply_etas_s1-BETA-F3-e2-m11/manifest.toml; runs/supply_etas_s1-BETA-F3-e2-m11/log.txt,1cc4ab821ddc144ad1e4be4a2f50bae030da60b6,hermes-agent,supply arm s1: A1=1.1 | executed 2026-09-20 (see runs/supply_etas_s1-BETA-F3-e2-m11/manifest.toml)
supply_etas_s1-BETA-F1-e2-m12,supply_etas_s1,executed,BETA,F1,1.0,2.0,0.5,0.5,0.9,sectoral:supply,1.2,full-71-abill,runs/supply_etas_s1-BETA-F1-e2-m12/manifest.toml; runs/supply_etas_s1-BETA-F1-e2-m12/log.txt,1cc4ab821ddc144ad1e4be4a2f50bae030da60b6,hermes-agent,supply arm s1: A1=1.2 | executed 2026-09-20 (see runs/supply_etas_s1-BETA-F1-e2-m12/manifest.toml)
supply_etas_s1-BETA-F2-e2-m12,supply_etas_s1,executed,BETA,F2,1.0,2.0,0.5,0.5,0.9,sectoral:supply,1.2,full-71-abill,runs/supply_etas_s1-BETA-F2-e2-m12/manifest.toml; runs/supply_etas_s1-BETA-F2-e2-m12/log.txt,1cc4ab821ddc144ad1e4be4a2f50bae030da60b6,hermes-agent,supply arm s1: A1=1.2 | executed 2026-09-20 (see runs/supply_etas_s1-BETA-F2-e2-m12/manifest.toml)
supply_etas_s1-BETA-F3-e2-m12,supply_etas_s1,executed,BETA,F3,1.0,2.0,0.5,0.5,0.9,sectoral:supply,1.2,full-71-abill,runs/supply_etas_s1-BETA-F3-e2-m12/manifest.toml; runs/supply_etas_s1-BETA-F3-e2-m12/log.txt,1cc4ab821ddc144ad1e4be4a2f50bae030da60b6,hermes-agent,supply arm s1: A1=1.2 | executed 2026-09-20 (see runs/supply_etas_s1-BETA-F3-e2-m12/manifest.toml)
supply_etas_s1-BETA-F1-e2-m13,supply_etas_s1,executed,BETA,F1,1.0,2.0,0.5,0.5,0.9,sectoral:supply,1.3,full-71-abill,runs/supply_etas_s1-BETA-F1-e2-m13/manifest.toml; runs/supply_etas_s1-BETA-F1-e2-m13/log.txt,1cc4ab821ddc144ad1e4be4a2f50bae030da60b6,hermes-agent,supply arm s1: A1=1.3 | executed 2026-09-20 (see runs/supply_etas_s1-BETA-F1-e2-m13/manifest.toml)
supply_etas_s1-BETA-F2-e2-m13,supply_etas_s1,executed,BETA,F2,1.0,2.0,0.5,0.5,0.9,sectoral:supply,1.3,full-71-abill,runs/supply_etas_s1-BETA-F2-e2-m13/manifest.toml; runs/supply_etas_s1-BETA-F2-e2-m13/log.txt,1cc4ab821ddc144ad1e4be4a2f50bae030da60b6,hermes-agent,supply arm s1: A1=1.3 | executed 2026-09-20 (see runs/supply_etas_s1-BETA-F2-e2-m13/manifest.toml)
supply_etas_s1-BETA-F3-e2-m13,supply_etas_s1,executed,BETA,F3,1.0,2.0,0.5,0.5,0.9,sectoral:supply,1.3,full-71-abill,runs/supply_etas_s1-BETA-F3-e2-m13/manifest.toml; runs/supply_etas_s1-BETA-F3-e2-m13/log.txt,1cc4ab821ddc144ad1e4be4a2f50bae030da60b6,hermes-agent,supply arm s1: A1=1.3 | executed 2026-09-20 (see runs/supply_etas_s1-BETA-F3-e2-m13/manifest.toml)
supply_etas_s1-BETA-F1-e5-m11,supply_etas_s1,executed,BETA,F1,1.0,5.0,0.5,0.5,0.9,sectoral:supply,1.1,full-71-abill,runs/supply_etas_s1-BETA-F1-e5-m11/manifest.toml; runs/supply_etas_s1-BETA-F1-e5-m11/log.txt,1cc4ab821ddc144ad1e4be4a2f50bae030da60b6,hermes-agent,supply arm s1: A1=1.1 | executed 2026-09-20 (see runs/supply_etas_s1-BETA-F1-e5-m11/manifest.toml)
supply_etas_s1-BETA-F2-e5-m11,supply_etas_s1,executed,BETA,F2,1.0,5.0,0.5,0.5,0.9,sectoral:supply,1.1,full-71-abill,runs/supply_etas_s1-BETA-F2-e5-m11/manifest.toml; runs/supply_etas_s1-BETA-F2-e5-m11/log.txt,1cc4ab821ddc144ad1e4be4a2f50bae030da60b6,hermes-agent,supply arm s1: A1=1.1 | executed 2026-09-20 (see runs/supply_etas_s1-BETA-F2-e5-m11/manifest.toml)
supply_etas_s1-BETA-F3-e5-m11,supply_etas_s1,executed,BETA,F3,1.0,5.0,0.5,0.5,0.9,sectoral:supply,1.1,full-71-abill,runs/supply_etas_s1-BETA-F3-e5-m11/manifest.toml; runs/supply_etas_s1-BETA-F3-e5-m11/log.txt,1cc4ab821ddc144ad1e4be4a2f50bae030da60b6,hermes-agent,supply arm s1: A1=1.1 | executed 2026-09-20 (see runs/supply_etas_s1-BETA-F3-e5-m11/manifest.toml)
supply_etas_s1-BETA-F1-e5-m12,supply_etas_s1,executed,BETA,F1,1.0,5.0,0.5,0.5,0.9,sectoral:supply,1.2,full-71-abill,runs/supply_etas_s1-BETA-F1-e5-m12/manifest.toml; runs/supply_etas_s1-BETA-F1-e5-m12/log.txt,1cc4ab821ddc144ad1e4be4a2f50bae030da60b6,hermes-agent,supply arm s1: A1=1.2 | executed 2026-09-20 (see runs/supply_etas_s1-BETA-F1-e5-m12/manifest.toml)
supply_etas_s1-BETA-F2-e5-m12,supply_etas_s1,executed,BETA,F2,1.0,5.0,0.5,0.5,0.9,sectoral:supply,1.2,full-71-abill,runs/supply_etas_s1-BETA-F2-e5-m12/manifest.toml; runs/supply_etas_s1-BETA-F2-e5-m12/log.txt,1cc4ab821ddc144ad1e4be4a2f50bae030da60b6,hermes-agent,supply arm s1: A1=1.2 | executed 2026-09-20 (see runs/supply_etas_s1-BETA-F2-e5-m12/manifest.toml)
supply_etas_s1-BETA-F3-e5-m12,supply_etas_s1,executed,BETA,F3,1.0,5.0,0.5,0.5,0.9,sectoral:supply,1.2,full-71-abill,runs/supply_etas_s1-BETA-F3-e5-m12/manifest.toml; runs/supply_etas_s1-BETA-F3-e5-m12/log.txt,1cc4ab821ddc144ad1e4be4a2f50bae030da60b6,hermes-agent,supply arm s1: A1=1.2 | executed 2026-09-20 (see runs/supply_etas_s1-BETA-F3-e5-m12/manifest.toml)
supply_etas_s1-BETA-F1-e5-m13,supply_etas_s1,executed,BETA,F1,1.0,5.0,0.5,0.5,0.9,sectoral:supply,1.3,full-71-abill,runs/supply_etas_s1-BETA-F1-e5-m13/manifest.toml; runs/supply_etas_s1-BETA-F1-e5-m13/log.txt,1cc4ab821ddc144ad1e4be4a2f50bae030da60b6,hermes-agent,supply arm s1: A1=1.3 | executed 2026-09-20 (see runs/supply_etas_s1-BETA-F1-e5-m13/manifest.toml)
supply_etas_s1-BETA-F2-e5-m13,supply_etas_s1,executed,BETA,F2,1.0,5.0,0.5,0.5,0.9,sectoral:supply,1.3,full-71-abill,runs/supply_etas_s1-BETA-F2-e5-m13/manifest.toml; runs/supply_etas_s1-BETA-F2-e5-m13/log.txt,1cc4ab821ddc144ad1e4be4a2f50bae030da60b6,hermes-agent,supply arm s1: A1=1.3 | executed 2026-09-20 (see runs/supply_etas_s1-BETA-F2-e5-m13/manifest.toml)
supply_etas_s1-BETA-F3-e5-m13,supply_etas_s1,executed,BETA,F3,1.0,5.0,0.5,0.5,0.9,sectoral:supply,1.3,full-71-abill,runs/supply_etas_s1-BETA-F3-e5-m13/manifest.toml; runs/supply_etas_s1-BETA-F3-e5-m13/log.txt,1cc4ab821ddc144ad1e4be4a2f50bae030da60b6,hermes-agent,supply arm s1: A1=1.3 | executed 2026-09-20 (see runs/supply_etas_s1-BETA-F3-e5-m13/manifest.toml)
supply_etas_s1-BETA-F1-sec-e05-m11,supply_etas_s1,executed,BETA,F1,1.0,0.5,0.5,0.5,0.9,sectoral:supply,1.1,full-71-abill,runs/supply_etas_s1-BETA-F1-sec-e05-m11/manifest.toml; runs/supply_etas_s1-BETA-F1-sec-e05-m11/log.txt,1cc4ab821ddc144ad1e4be4a2f50bae030da60b6,hermes-agent,supply arm s1: A1=1.1 | executed 2026-09-20 (see runs/supply_etas_s1-BETA-F1-sec-e05-m11/manifest.toml)
supply_etas_s1-BETA-F2-sec-e05-m11,supply_etas_s1,executed,BETA,F2,1.0,0.5,0.5,0.5,0.9,sectoral:supply,1.1,full-71-abill,runs/supply_etas_s1-BETA-F2-sec-e05-m11/manifest.toml; runs/supply_etas_s1-BETA-F2-sec-e05-m11/log.txt,1cc4ab821ddc144ad1e4be4a2f50bae030da60b6,hermes-agent,supply arm s1: A1=1.1 | executed 2026-09-20 (see runs/supply_etas_s1-BETA-F2-sec-e05-m11/manifest.toml)
supply_etas_s1-BETA-F3-sec-e05-m11,supply_etas_s1,executed,BETA,F3,1.0,0.5,0.5,0.5,0.9,sectoral:supply,1.1,full-71-abill,runs/supply_etas_s1-BETA-F3-sec-e05-m11/manifest.toml; runs/supply_etas_s1-BETA-F3-sec-e05-m11/log.txt,1cc4ab821ddc144ad1e4be4a2f50bae030da60b6,hermes-agent,supply arm s1: A1=1.1 | executed 2026-09-20 (see runs/supply_etas_s1-BETA-F3-sec-e05-m11/manifest.toml)
supply_etas_s1-BETA-F1-sec-e05-m12,supply_etas_s1,executed,BETA,F1,1.0,0.5,0.5,0.5,0.9,sectoral:supply,1.2,full-71-abill,runs/supply_etas_s1-BETA-F1-sec-e05-m12/manifest.toml; runs/supply_etas_s1-BETA-F1-sec-e05-m12/log.txt,1cc4ab821ddc144ad1e4be4a2f50bae030da60b6,hermes-agent,supply arm s1: A1=1.2 | executed 2026-09-20 (see runs/supply_etas_s1-BETA-F1-sec-e05-m12/manifest.toml)
supply_etas_s1-BETA-F2-sec-e05-m12,supply_etas_s1,executed,BETA,F2,1.0,0.5,0.5,0.5,0.9,sectoral:supply,1.2,full-71-abill,runs/supply_etas_s1-BETA-F2-sec-e05-m12/manifest.toml; runs/supply_etas_s1-BETA-F2-sec-e05-m12/log.txt,1cc4ab821ddc144ad1e4be4a2f50bae030da60b6,hermes-agent,supply arm s1: A1=1.2 | executed 2026-09-20 (see runs/supply_etas_s1-BETA-F2-sec-e05-m12/manifest.toml)
supply_etas_s1-BETA-F3-sec-e05-m12,supply_etas_s1,executed,BETA,F3,1.0,0.5,0.5,0.5,0.9,sectoral:supply,1.2,full-71-abill,runs/supply_etas_s1-BETA-F3-sec-e05-m12/manifest.toml; runs/supply_etas_s1-BETA-F3-sec-e05-m12/log.txt,1cc4ab821ddc144ad1e4be4a2f50bae030da60b6,hermes-agent,supply arm s1: A1=1.2 | executed 2026-09-20 (see runs/supply_etas_s1-BETA-F3-sec-e05-m12/manifest.toml)
supply_etas_s1-BETA-F1-sec-e05-m13,supply_etas_s1,executed,BETA,F1,1.0,0.5,0.5,0.5,0.9,sectoral:supply,1.3,full-71-abill,runs/supply_etas_s1-BETA-F1-sec-e05-m13/manifest.toml; runs/supply_etas_s1-BETA-F1-sec-e05-m13/log.txt,1cc4ab821ddc144ad1e4be4a2f50bae030da60b6,hermes-agent,supply arm s1: A1=1.3 | executed 2026-09-20 (see runs/supply_etas_s1-BETA-F1-sec-e05-m13/manifest.toml)
supply_etas_s1-BETA-F2-sec-e05-m13,supply_etas_s1,executed,BETA,F2,1.0,0.5,0.5,0.5,0.9,sectoral:supply,1.3,full-71-abill,runs/supply_etas_s1-BETA-F2-sec-e05-m13/manifest.toml; runs/supply_etas_s1-BETA-F2-sec-e05-m13/log.txt,1cc4ab821ddc144ad1e4be4a2f50bae030da60b6,hermes-agent,supply arm s1: A1=1.3 | executed 2026-09-20 (see runs/supply_etas_s1-BETA-F2-sec-e05-m13/manifest.toml)
supply_etas_s1-BETA-F3-sec-e05-m13,supply_etas_s1,executed,BETA,F3,1.0,0.5,0.5,0.5,0.9,sectoral:supply,1.3,full-71-abill,runs/supply_etas_s1-BETA-F3-sec-e05-m13/manifest.toml; runs/supply_etas_s1-BETA-F3-sec-e05-m13/log.txt,1cc4ab821ddc144ad1e4be4a2f50bae030da60b6,hermes-agent,supply arm s1: A1=1.3 | executed 2026-09-20 (see runs/supply_etas_s1-BETA-F3-sec-e05-m13/manifest.toml)
supply_etas_s1-BETA-F1-sec-e2-m11,supply_etas_s1,executed,BETA,F1,1.0,2.0,0.5,0.5,0.9,sectoral:supply,1.1,full-71-abill,runs/supply_etas_s1-BETA-F1-sec-e2-m11/manifest.toml; runs/supply_etas_s1-BETA-F1-sec-e2-m11/log.txt,1cc4ab821ddc144ad1e4be4a2f50bae030da60b6,hermes-agent,supply arm s1: A1=1.1 | executed 2026-09-20 (see runs/supply_etas_s1-BETA-F1-sec-e2-m11/manifest.toml)
supply_etas_s1-BETA-F2-sec-e2-m11,supply_etas_s1,executed,BETA,F2,1.0,2.0,0.5,0.5,0.9,sectoral:supply,1.1,full-71-abill,runs/supply_etas_s1-BETA-F2-sec-e2-m11/manifest.toml; runs/supply_etas_s1-BETA-F2-sec-e2-m11/log.txt,1cc4ab821ddc144ad1e4be4a2f50bae030da60b6,hermes-agent,supply arm s1: A1=1.1 | executed 2026-09-20 (see runs/supply_etas_s1-BETA-F2-sec-e2-m11/manifest.toml)
supply_etas_s1-BETA-F3-sec-e2-m11,supply_etas_s1,executed,BETA,F3,1.0,2.0,0.5,0.5,0.9,sectoral:supply,1.1,full-71-abill,runs/supply_etas_s1-BETA-F3-sec-e2-m11/manifest.toml; runs/supply_etas_s1-BETA-F3-sec-e2-m11/log.txt,1cc4ab821ddc144ad1e4be4a2f50bae030da60b6,hermes-agent,supply arm s1: A1=1.1 | executed 2026-09-20 (see runs/supply_etas_s1-BETA-F3-sec-e2-m11/manifest.toml)
supply_etas_s1-BETA-F1-sec-e2-m12,supply_etas_s1,executed,BETA,F1,1.0,2.0,0.5,0.5,0.9,sectoral:supply,1.2,full-71-abill,runs/supply_etas_s1-BETA-F1-sec-e2-m12/manifest.toml; runs/supply_etas_s1-BETA-F1-sec-e2-m12/log.txt,1cc4ab821ddc144ad1e4be4a2f50bae030da60b6,hermes-agent,supply arm s1: A1=1.2 | executed 2026-09-20 (see runs/supply_etas_s1-BETA-F1-sec-e2-m12/manifest.toml)
supply_etas_s1-BETA-F2-sec-e2-m12,supply_etas_s1,executed,BETA,F2,1.0,2.0,0.5,0.5,0.9,sectoral:supply,1.2,full-71-abill,runs/supply_etas_s1-BETA-F2-sec-e2-m12/manifest.toml; runs/supply_etas_s1-BETA-F2-sec-e2-m12/log.txt,1cc4ab821ddc144ad1e4be4a2f50bae030da60b6,hermes-agent,supply arm s1: A1=1.2 | executed 2026-09-20 (see runs/supply_etas_s1-BETA-F2-sec-e2-m12/manifest.toml)
supply_etas_s1-BETA-F3-sec-e2-m12,supply_etas_s1,executed,BETA,F3,1.0,2.0,0.5,0.5,0.9,sectoral:supply,1.2,full-71-abill,runs/supply_etas_s1-BETA-F3-sec-e2-m12/manifest.toml; runs/supply_etas_s1-BETA-F3-sec-e2-m12/log.txt,1cc4ab821ddc144ad1e4be4a2f50bae030da60b6,hermes-agent,supply arm s1: A1=1.2 | executed 2026-09-20 (see runs/supply_etas_s1-BETA-F3-sec-e2-m12/manifest.toml)
supply_etas_s1-BETA-F1-sec-e2-m13,supply_etas_s1,executed,BETA,F1,1.0,2.0,0.5,0.5,0.9,sectoral:supply,1.3,full-71-abill,runs/supply_etas_s1-BETA-F1-sec-e2-m13/manifest.toml; runs/supply_etas_s1-BETA-F1-sec-e2-m13/log.txt,1cc4ab821ddc144ad1e4be4a2f50bae030da60b6,hermes-agent,supply arm s1: A1=1.3 | executed 2026-09-20 (see runs/supply_etas_s1-BETA-F1-sec-e2-m13/manifest.toml)
supply_etas_s1-BETA-F2-sec-e2-m13,supply_etas_s1,executed,BETA,F2,1.0,2.0,0.5,0.5,0.9,sectoral:supply,1.3,full-71-abill,runs/supply_etas_s1-BETA-F2-sec-e2-m13/manifest.toml; runs/supply_etas_s1-BETA-F2-sec-e2-m13/log.txt,1cc4ab821ddc144ad1e4be4a2f50bae030da60b6,hermes-agent,supply arm s1: A1=1.3 | executed 2026-09-20 (see runs/supply_etas_s1-BETA-F2-sec-e2-m13/manifest.toml)
supply_etas_s1-BETA-F3-sec-e2-m13,supply_etas_s1,executed,BETA,F3,1.0,2.0,0.5,0.5,0.9,sectoral:supply,1.3,full-71-abill,runs/supply_etas_s1-BETA-F3-sec-e2-m13/manifest.toml; runs/supply_etas_s1-BETA-F3-sec-e2-m13/log.txt,1cc4ab821ddc144ad1e4be4a2f50bae030da60b6,hermes-agent,supply arm s1: A1=1.3 | executed 2026-09-20 (see runs/supply_etas_s1-BETA-F3-sec-e2-m13/manifest.toml)
supply_etas_prog-ALPHA-F1-a05,supply_etas_prog,executed,ALPHA,F1,1.0,0.0,0.5,0.5,0.9,programme:supply,0.05,full-71-abill,runs/supply_etas_prog-ALPHA-F1-a05/manifest.toml; runs/supply_etas_prog-ALPHA-F1-a05/log.txt,5b834cb6016c160c5a20c6441edba809e67682a3,hermes-agent,ALPHA control - prog supply 0.05 - planned - F1 | executed 2026-09-20 (see runs/supply_etas_prog-ALPHA-F1-a05/manifest.toml)
supply_etas_prog-ALPHA-F2-a05,supply_etas_prog,executed,ALPHA,F2,1.0,0.0,0.5,0.5,0.9,programme:supply,0.05,full-71-abill,runs/supply_etas_prog-ALPHA-F2-a05/manifest.toml; runs/supply_etas_prog-ALPHA-F2-a05/log.txt,5b834cb6016c160c5a20c6441edba809e67682a3,hermes-agent,ALPHA control - prog supply 0.05 - planned - F2 | executed 2026-09-20 (see runs/supply_etas_prog-ALPHA-F2-a05/manifest.toml)
supply_etas_prog-ALPHA-F3-a05,supply_etas_prog,executed,ALPHA,F3,1.0,0.0,0.5,0.5,0.9,programme:supply,0.05,full-71-abill,runs/supply_etas_prog-ALPHA-F3-a05/manifest.toml; runs/supply_etas_prog-ALPHA-F3-a05/log.txt,5b834cb6016c160c5a20c6441edba809e67682a3,hermes-agent,ALPHA control - prog supply 0.05 - planned - F3 | executed 2026-09-20 (see runs/supply_etas_prog-ALPHA-F3-a05/manifest.toml)
supply_etas_prog-BETA-F1-e05-a05,supply_etas_prog,executed,BETA,F1,1.0,0.5,0.5,0.5,0.9,programme:supply,0.05,full-71-abill,runs/supply_etas_prog-BETA-F1-e05-a05/manifest.toml; runs/supply_etas_prog-BETA-F1-e05-a05/log.txt,5b834cb6016c160c5a20c6441edba809e67682a3,hermes-agent,scalar BETA eta_s=0.5 - prog supply 0.05 - planned - F1 | executed 2026-09-20 (see runs/supply_etas_prog-BETA-F1-e05-a05/manifest.toml)
supply_etas_prog-BETA-F2-e05-a05,supply_etas_prog,executed,BETA,F2,1.0,0.5,0.5,0.5,0.9,programme:supply,0.05,full-71-abill,runs/supply_etas_prog-BETA-F2-e05-a05/manifest.toml; runs/supply_etas_prog-BETA-F2-e05-a05/log.txt,5b834cb6016c160c5a20c6441edba809e67682a3,hermes-agent,scalar BETA eta_s=0.5 - prog supply 0.05 - planned - F2 | executed 2026-09-20 (see runs/supply_etas_prog-BETA-F2-e05-a05/manifest.toml)
supply_etas_prog-BETA-F3-e05-a05,supply_etas_prog,executed,BETA,F3,1.0,0.5,0.5,0.5,0.9,programme:supply,0.05,full-71-abill,runs/supply_etas_prog-BETA-F3-e05-a05/manifest.toml; runs/supply_etas_prog-BETA-F3-e05-a05/log.txt,5b834cb6016c160c5a20c6441edba809e67682a3,hermes-agent,scalar BETA eta_s=0.5 - prog supply 0.05 - planned - F3 | executed 2026-09-20 (see runs/supply_etas_prog-BETA-F3-e05-a05/manifest.toml)
supply_etas_prog-BETA-F1-e1-a05,supply_etas_prog,executed,BETA,F1,1.0,1.0,0.5,0.5,0.9,programme:supply,0.05,full-71-abill,runs/supply_etas_prog-BETA-F1-e1-a05/manifest.toml; runs/supply_etas_prog-BETA-F1-e1-a05/log.txt,5b834cb6016c160c5a20c6441edba809e67682a3,hermes-agent,scalar BETA eta_s=1.0 - prog supply 0.05 - planned - F1 | executed 2026-09-20 (see runs/supply_etas_prog-BETA-F1-e1-a05/manifest.toml)
supply_etas_prog-BETA-F2-e1-a05,supply_etas_prog,executed,BETA,F2,1.0,1.0,0.5,0.5,0.9,programme:supply,0.05,full-71-abill,runs/supply_etas_prog-BETA-F2-e1-a05/manifest.toml; runs/supply_etas_prog-BETA-F2-e1-a05/log.txt,5b834cb6016c160c5a20c6441edba809e67682a3,hermes-agent,scalar BETA eta_s=1.0 - prog supply 0.05 - planned - F2 | executed 2026-09-20 (see runs/supply_etas_prog-BETA-F2-e1-a05/manifest.toml)
supply_etas_prog-BETA-F3-e1-a05,supply_etas_prog,executed,BETA,F3,1.0,1.0,0.5,0.5,0.9,programme:supply,0.05,full-71-abill,runs/supply_etas_prog-BETA-F3-e1-a05/manifest.toml; runs/supply_etas_prog-BETA-F3-e1-a05/log.txt,5b834cb6016c160c5a20c6441edba809e67682a3,hermes-agent,scalar BETA eta_s=1.0 - prog supply 0.05 - planned - F3 | executed 2026-09-20 (see runs/supply_etas_prog-BETA-F3-e1-a05/manifest.toml)
supply_etas_prog-BETA-F1-e2-a05,supply_etas_prog,executed,BETA,F1,1.0,2.0,0.5,0.5,0.9,programme:supply,0.05,full-71-abill,runs/supply_etas_prog-BETA-F1-e2-a05/manifest.toml; runs/supply_etas_prog-BETA-F1-e2-a05/log.txt,5b834cb6016c160c5a20c6441edba809e67682a3,hermes-agent,scalar BETA eta_s=2.0 - prog supply 0.05 - planned - F1 | executed 2026-09-20 (see runs/supply_etas_prog-BETA-F1-e2-a05/manifest.toml)
supply_etas_prog-BETA-F2-e2-a05,supply_etas_prog,executed,BETA,F2,1.0,2.0,0.5,0.5,0.9,programme:supply,0.05,full-71-abill,runs/supply_etas_prog-BETA-F2-e2-a05/manifest.toml; runs/supply_etas_prog-BETA-F2-e2-a05/log.txt,5b834cb6016c160c5a20c6441edba809e67682a3,hermes-agent,scalar BETA eta_s=2.0 - prog supply 0.05 - planned - F2 | executed 2026-09-20 (see runs/supply_etas_prog-BETA-F2-e2-a05/manifest.toml)
supply_etas_prog-BETA-F3-e2-a05,supply_etas_prog,executed,BETA,F3,1.0,2.0,0.5,0.5,0.9,programme:supply,0.05,full-71-abill,runs/supply_etas_prog-BETA-F3-e2-a05/manifest.toml; runs/supply_etas_prog-BETA-F3-e2-a05/log.txt,5b834cb6016c160c5a20c6441edba809e67682a3,hermes-agent,scalar BETA eta_s=2.0 - prog supply 0.05 - planned - F3 | executed 2026-09-20 (see runs/supply_etas_prog-BETA-F3-e2-a05/manifest.toml)
supply_etas_prog-BETA-F1-e5-a05,supply_etas_prog,executed,BETA,F1,1.0,5.0,0.5,0.5,0.9,programme:supply,0.05,full-71-abill,runs/supply_etas_prog-BETA-F1-e5-a05/manifest.toml; runs/supply_etas_prog-BETA-F1-e5-a05/log.txt,5b834cb6016c160c5a20c6441edba809e67682a3,hermes-agent,scalar BETA eta_s=5.0 - prog supply 0.05 - planned - F1 | executed 2026-09-20 (see runs/supply_etas_prog-BETA-F1-e5-a05/manifest.toml)
supply_etas_prog-BETA-F2-e5-a05,supply_etas_prog,executed,BETA,F2,1.0,5.0,0.5,0.5,0.9,programme:supply,0.05,full-71-abill,runs/supply_etas_prog-BETA-F2-e5-a05/manifest.toml; runs/supply_etas_prog-BETA-F2-e5-a05/log.txt,5b834cb6016c160c5a20c6441edba809e67682a3,hermes-agent,scalar BETA eta_s=5.0 - prog supply 0.05 - planned - F2 | executed 2026-09-20 (see runs/supply_etas_prog-BETA-F2-e5-a05/manifest.toml)
supply_etas_prog-BETA-F3-e5-a05,supply_etas_prog,executed,BETA,F3,1.0,5.0,0.5,0.5,0.9,programme:supply,0.05,full-71-abill,runs/supply_etas_prog-BETA-F3-e5-a05/manifest.toml; runs/supply_etas_prog-BETA-F3-e5-a05/log.txt,5b834cb6016c160c5a20c6441edba809e67682a3,hermes-agent,scalar BETA eta_s=5.0 - prog supply 0.05 - planned - F3 | executed 2026-09-20 (see runs/supply_etas_prog-BETA-F3-e5-a05/manifest.toml)
supply_etas_prog-BETA-F1-sec-e05-a05,supply_etas_prog,executed,BETA,F1,1.0,0.5,0.5,0.5,0.9,programme:supply,0.05,full-71-abill,runs/supply_etas_prog-BETA-F1-sec-e05-a05/manifest.toml; runs/supply_etas_prog-BETA-F1-sec-e05-a05/log.txt,5b834cb6016c160c5a20c6441edba809e67682a3,hermes-agent,sectoral uniform BETA eta_s=0.5 - prog supply 0.05 - planned - F1 | executed 2026-09-20 (see runs/supply_etas_prog-BETA-F1-sec-e05-a05/manifest.toml)
supply_etas_prog-BETA-F2-sec-e05-a05,supply_etas_prog,executed,BETA,F2,1.0,0.5,0.5,0.5,0.9,programme:supply,0.05,full-71-abill,runs/supply_etas_prog-BETA-F2-sec-e05-a05/manifest.toml; runs/supply_etas_prog-BETA-F2-sec-e05-a05/log.txt,5b834cb6016c160c5a20c6441edba809e67682a3,hermes-agent,sectoral uniform BETA eta_s=0.5 - prog supply 0.05 - planned - F2 | executed 2026-09-20 (see runs/supply_etas_prog-BETA-F2-sec-e05-a05/manifest.toml)
supply_etas_prog-BETA-F3-sec-e05-a05,supply_etas_prog,executed,BETA,F3,1.0,0.5,0.5,0.5,0.9,programme:supply,0.05,full-71-abill,runs/supply_etas_prog-BETA-F3-sec-e05-a05/manifest.toml; runs/supply_etas_prog-BETA-F3-sec-e05-a05/log.txt,5b834cb6016c160c5a20c6441edba809e67682a3,hermes-agent,sectoral uniform BETA eta_s=0.5 - prog supply 0.05 - planned - F3 | executed 2026-09-20 (see runs/supply_etas_prog-BETA-F3-sec-e05-a05/manifest.toml)
supply_etas_prog-BETA-F1-sec-e2-a05,supply_etas_prog,executed,BETA,F1,1.0,2.0,0.5,0.5,0.9,programme:supply,0.05,full-71-abill,runs/supply_etas_prog-BETA-F1-sec-e2-a05/manifest.toml; runs/supply_etas_prog-BETA-F1-sec-e2-a05/log.txt,5b834cb6016c160c5a20c6441edba809e67682a3,hermes-agent,sectoral uniform BETA eta_s=2.0 - prog supply 0.05 - planned - F1 | executed 2026-09-20 (see runs/supply_etas_prog-BETA-F1-sec-e2-a05/manifest.toml)
supply_etas_prog-BETA-F2-sec-e2-a05,supply_etas_prog,executed,BETA,F2,1.0,2.0,0.5,0.5,0.9,programme:supply,0.05,full-71-abill,runs/supply_etas_prog-BETA-F2-sec-e2-a05/manifest.toml; runs/supply_etas_prog-BETA-F2-sec-e2-a05/log.txt,5b834cb6016c160c5a20c6441edba809e67682a3,hermes-agent,sectoral uniform BETA eta_s=2.0 - prog supply 0.05 - planned - F2 | executed 2026-09-20 (see runs/supply_etas_prog-BETA-F2-sec-e2-a05/manifest.toml)
supply_etas_prog-BETA-F3-sec-e2-a05,supply_etas_prog,executed,BETA,F3,1.0,2.0,0.5,0.5,0.9,programme:supply,0.05,full-71-abill,runs/supply_etas_prog-BETA-F3-sec-e2-a05/manifest.toml; runs/supply_etas_prog-BETA-F3-sec-e2-a05/log.txt,5b834cb6016c160c5a20c6441edba809e67682a3,hermes-agent,sectoral uniform BETA eta_s=2.0 - prog supply 0.05 - planned - F3 | executed 2026-09-20 (see runs/supply_etas_prog-BETA-F3-sec-e2-a05/manifest.toml)
supply_etas_prog-ALPHA-F1-a10,supply_etas_prog,executed,ALPHA,F1,1.0,0.0,0.5,0.5,0.9,programme:supply,0.1,full-71-abill,runs/supply_etas_prog-ALPHA-F1-a10/manifest.toml; runs/supply_etas_prog-ALPHA-F1-a10/log.txt,5b834cb6016c160c5a20c6441edba809e67682a3,hermes-agent,ALPHA control - prog supply 0.1 - planned - F1 | executed 2026-09-20 (see runs/supply_etas_prog-ALPHA-F1-a10/manifest.toml)
supply_etas_prog-ALPHA-F2-a10,supply_etas_prog,executed,ALPHA,F2,1.0,0.0,0.5,0.5,0.9,programme:supply,0.1,full-71-abill,runs/supply_etas_prog-ALPHA-F2-a10/manifest.toml; runs/supply_etas_prog-ALPHA-F2-a10/log.txt,5b834cb6016c160c5a20c6441edba809e67682a3,hermes-agent,ALPHA control - prog supply 0.1 - planned - F2 | executed 2026-09-20 (see runs/supply_etas_prog-ALPHA-F2-a10/manifest.toml)
supply_etas_prog-ALPHA-F3-a10,supply_etas_prog,executed,ALPHA,F3,1.0,0.0,0.5,0.5,0.9,programme:supply,0.1,full-71-abill,runs/supply_etas_prog-ALPHA-F3-a10/manifest.toml; runs/supply_etas_prog-ALPHA-F3-a10/log.txt,5b834cb6016c160c5a20c6441edba809e67682a3,hermes-agent,ALPHA control - prog supply 0.1 - planned - F3 | executed 2026-09-20 (see runs/supply_etas_prog-ALPHA-F3-a10/manifest.toml)
supply_etas_prog-BETA-F1-e05-a10,supply_etas_prog,executed,BETA,F1,1.0,0.5,0.5,0.5,0.9,programme:supply,0.1,full-71-abill,runs/supply_etas_prog-BETA-F1-e05-a10/manifest.toml; runs/supply_etas_prog-BETA-F1-e05-a10/log.txt,5b834cb6016c160c5a20c6441edba809e67682a3,hermes-agent,scalar BETA eta_s=0.5 - prog supply 0.1 - planned - F1 | executed 2026-09-20 (see runs/supply_etas_prog-BETA-F1-e05-a10/manifest.toml)
supply_etas_prog-BETA-F2-e05-a10,supply_etas_prog,executed,BETA,F2,1.0,0.5,0.5,0.5,0.9,programme:supply,0.1,full-71-abill,runs/supply_etas_prog-BETA-F2-e05-a10/manifest.toml; runs/supply_etas_prog-BETA-F2-e05-a10/log.txt,5b834cb6016c160c5a20c6441edba809e67682a3,hermes-agent,scalar BETA eta_s=0.5 - prog supply 0.1 - planned - F2 | executed 2026-09-20 (see runs/supply_etas_prog-BETA-F2-e05-a10/manifest.toml)
supply_etas_prog-BETA-F3-e05-a10,supply_etas_prog,executed,BETA,F3,1.0,0.5,0.5,0.5,0.9,programme:supply,0.1,full-71-abill,runs/supply_etas_prog-BETA-F3-e05-a10/manifest.toml; runs/supply_etas_prog-BETA-F3-e05-a10/log.txt,5b834cb6016c160c5a20c6441edba809e67682a3,hermes-agent,scalar BETA eta_s=0.5 - prog supply 0.1 - planned - F3 | executed 2026-09-20 (see runs/supply_etas_prog-BETA-F3-e05-a10/manifest.toml)
supply_etas_prog-BETA-F1-e1-a10,supply_etas_prog,executed,BETA,F1,1.0,1.0,0.5,0.5,0.9,programme:supply,0.1,full-71-abill,runs/supply_etas_prog-BETA-F1-e1-a10/manifest.toml; runs/supply_etas_prog-BETA-F1-e1-a10/log.txt,5b834cb6016c160c5a20c6441edba809e67682a3,hermes-agent,scalar BETA eta_s=1.0 - prog supply 0.1 - planned - F1 | executed 2026-09-20 (see runs/supply_etas_prog-BETA-F1-e1-a10/manifest.toml)
supply_etas_prog-BETA-F2-e1-a10,supply_etas_prog,executed,BETA,F2,1.0,1.0,0.5,0.5,0.9,programme:supply,0.1,full-71-abill,runs/supply_etas_prog-BETA-F2-e1-a10/manifest.toml; runs/supply_etas_prog-BETA-F2-e1-a10/log.txt,5b834cb6016c160c5a20c6441edba809e67682a3,hermes-agent,scalar BETA eta_s=1.0 - prog supply 0.1 - planned - F2 | executed 2026-09-20 (see runs/supply_etas_prog-BETA-F2-e1-a10/manifest.toml)
supply_etas_prog-BETA-F3-e1-a10,supply_etas_prog,executed,BETA,F3,1.0,1.0,0.5,0.5,0.9,programme:supply,0.1,full-71-abill,runs/supply_etas_prog-BETA-F3-e1-a10/manifest.toml; runs/supply_etas_prog-BETA-F3-e1-a10/log.txt,5b834cb6016c160c5a20c6441edba809e67682a3,hermes-agent,scalar BETA eta_s=1.0 - prog supply 0.1 - planned - F3 | executed 2026-09-20 (see runs/supply_etas_prog-BETA-F3-e1-a10/manifest.toml)
supply_etas_prog-BETA-F1-e2-a10,supply_etas_prog,executed,BETA,F1,1.0,2.0,0.5,0.5,0.9,programme:supply,0.1,full-71-abill,runs/supply_etas_prog-BETA-F1-e2-a10/manifest.toml; runs/supply_etas_prog-BETA-F1-e2-a10/log.txt,5b834cb6016c160c5a20c6441edba809e67682a3,hermes-agent,scalar BETA eta_s=2.0 - prog supply 0.1 - planned - F1 | executed 2026-09-20 (see runs/supply_etas_prog-BETA-F1-e2-a10/manifest.toml)
supply_etas_prog-BETA-F2-e2-a10,supply_etas_prog,executed,BETA,F2,1.0,2.0,0.5,0.5,0.9,programme:supply,0.1,full-71-abill,runs/supply_etas_prog-BETA-F2-e2-a10/manifest.toml; runs/supply_etas_prog-BETA-F2-e2-a10/log.txt,5b834cb6016c160c5a20c6441edba809e67682a3,hermes-agent,scalar BETA eta_s=2.0 - prog supply 0.1 - planned - F2 | executed 2026-09-20 (see runs/supply_etas_prog-BETA-F2-e2-a10/manifest.toml)
supply_etas_prog-BETA-F3-e2-a10,supply_etas_prog,executed,BETA,F3,1.0,2.0,0.5,0.5,0.9,programme:supply,0.1,full-71-abill,runs/supply_etas_prog-BETA-F3-e2-a10/manifest.toml; runs/supply_etas_prog-BETA-F3-e2-a10/log.txt,5b834cb6016c160c5a20c6441edba809e67682a3,hermes-agent,scalar BETA eta_s=2.0 - prog supply 0.1 - planned - F3 | executed 2026-09-20 (see runs/supply_etas_prog-BETA-F3-e2-a10/manifest.toml)
supply_etas_prog-BETA-F1-e5-a10,supply_etas_prog,executed,BETA,F1,1.0,5.0,0.5,0.5,0.9,programme:supply,0.1,full-71-abill,runs/supply_etas_prog-BETA-F1-e5-a10/manifest.toml; runs/supply_etas_prog-BETA-F1-e5-a10/log.txt,5b834cb6016c160c5a20c6441edba809e67682a3,hermes-agent,scalar BETA eta_s=5.0 - prog supply 0.1 - planned - F1 | executed 2026-09-20 (see runs/supply_etas_prog-BETA-F1-e5-a10/manifest.toml)
supply_etas_prog-BETA-F2-e5-a10,supply_etas_prog,executed,BETA,F2,1.0,5.0,0.5,0.5,0.9,programme:supply,0.1,full-71-abill,runs/supply_etas_prog-BETA-F2-e5-a10/manifest.toml; runs/supply_etas_prog-BETA-F2-e5-a10/log.txt,5b834cb6016c160c5a20c6441edba809e67682a3,hermes-agent,scalar BETA eta_s=5.0 - prog supply 0.1 - planned - F2 | executed 2026-09-20 (see runs/supply_etas_prog-BETA-F2-e5-a10/manifest.toml)
supply_etas_prog-BETA-F3-e5-a10,supply_etas_prog,executed,BETA,F3,1.0,5.0,0.5,0.5,0.9,programme:supply,0.1,full-71-abill,runs/supply_etas_prog-BETA-F3-e5-a10/manifest.toml; runs/supply_etas_prog-BETA-F3-e5-a10/log.txt,5b834cb6016c160c5a20c6441edba809e67682a3,hermes-agent,scalar BETA eta_s=5.0 - prog supply 0.1 - planned - F3 | executed 2026-09-20 (see runs/supply_etas_prog-BETA-F3-e5-a10/manifest.toml)
supply_etas_prog-BETA-F1-sec-e05-a10,supply_etas_prog,executed,BETA,F1,1.0,0.5,0.5,0.5,0.9,programme:supply,0.1,full-71-abill,runs/supply_etas_prog-BETA-F1-sec-e05-a10/manifest.toml; runs/supply_etas_prog-BETA-F1-sec-e05-a10/log.txt,5b834cb6016c160c5a20c6441edba809e67682a3,hermes-agent,sectoral uniform BETA eta_s=0.5 - prog supply 0.1 - planned - F1 | executed 2026-09-20 (see runs/supply_etas_prog-BETA-F1-sec-e05-a10/manifest.toml)
supply_etas_prog-BETA-F2-sec-e05-a10,supply_etas_prog,executed,BETA,F2,1.0,0.5,0.5,0.5,0.9,programme:supply,0.1,full-71-abill,runs/supply_etas_prog-BETA-F2-sec-e05-a10/manifest.toml; runs/supply_etas_prog-BETA-F2-sec-e05-a10/log.txt,5b834cb6016c160c5a20c6441edba809e67682a3,hermes-agent,sectoral uniform BETA eta_s=0.5 - prog supply 0.1 - planned - F2 | executed 2026-09-20 (see runs/supply_etas_prog-BETA-F2-sec-e05-a10/manifest.toml)
supply_etas_prog-BETA-F3-sec-e05-a10,supply_etas_prog,executed,BETA,F3,1.0,0.5,0.5,0.5,0.9,programme:supply,0.1,full-71-abill,runs/supply_etas_prog-BETA-F3-sec-e05-a10/manifest.toml; runs/supply_etas_prog-BETA-F3-sec-e05-a10/log.txt,5b834cb6016c160c5a20c6441edba809e67682a3,hermes-agent,sectoral uniform BETA eta_s=0.5 - prog supply 0.1 - planned - F3 | executed 2026-09-20 (see runs/supply_etas_prog-BETA-F3-sec-e05-a10/manifest.toml)
supply_etas_prog-BETA-F1-sec-e2-a10,supply_etas_prog,executed,BETA,F1,1.0,2.0,0.5,0.5,0.9,programme:supply,0.1,full-71-abill,runs/supply_etas_prog-BETA-F1-sec-e2-a10/manifest.toml; runs/supply_etas_prog-BETA-F1-sec-e2-a10/log.txt,5b834cb6016c160c5a20c6441edba809e67682a3,hermes-agent,sectoral uniform BETA eta_s=2.0 - prog supply 0.1 - planned - F1 | executed 2026-09-20 (see runs/supply_etas_prog-BETA-F1-sec-e2-a10/manifest.toml)
supply_etas_prog-BETA-F2-sec-e2-a10,supply_etas_prog,executed,BETA,F2,1.0,2.0,0.5,0.5,0.9,programme:supply,0.1,full-71-abill,runs/supply_etas_prog-BETA-F2-sec-e2-a10/manifest.toml; runs/supply_etas_prog-BETA-F2-sec-e2-a10/log.txt,5b834cb6016c160c5a20c6441edba809e67682a3,hermes-agent,sectoral uniform BETA eta_s=2.0 - prog supply 0.1 - planned - F2 | executed 2026-09-20 (see runs/supply_etas_prog-BETA-F2-sec-e2-a10/manifest.toml)
supply_etas_prog-BETA-F3-sec-e2-a10,supply_etas_prog,executed,BETA,F3,1.0,2.0,0.5,0.5,0.9,programme:supply,0.1,full-71-abill,runs/supply_etas_prog-BETA-F3-sec-e2-a10/manifest.toml; runs/supply_etas_prog-BETA-F3-sec-e2-a10/log.txt,5b834cb6016c160c5a20c6441edba809e67682a3,hermes-agent,sectoral uniform BETA eta_s=2.0 - prog supply 0.1 - planned - F3 | executed 2026-09-20 (see runs/supply_etas_prog-BETA-F3-sec-e2-a10/manifest.toml)
supply_etas_prog-ALPHA-F1-a20,supply_etas_prog,executed,ALPHA,F1,1.0,0.0,0.5,0.5,0.9,programme:supply,0.2,full-71-abill,runs/supply_etas_prog-ALPHA-F1-a20/manifest.toml; runs/supply_etas_prog-ALPHA-F1-a20/log.txt,5b834cb6016c160c5a20c6441edba809e67682a3,hermes-agent,ALPHA control - prog supply 0.2 - planned - F1 | executed 2026-09-20 (see runs/supply_etas_prog-ALPHA-F1-a20/manifest.toml)
supply_etas_prog-ALPHA-F2-a20,supply_etas_prog,executed,ALPHA,F2,1.0,0.0,0.5,0.5,0.9,programme:supply,0.2,full-71-abill,runs/supply_etas_prog-ALPHA-F2-a20/manifest.toml; runs/supply_etas_prog-ALPHA-F2-a20/log.txt,5b834cb6016c160c5a20c6441edba809e67682a3,hermes-agent,ALPHA control - prog supply 0.2 - planned - F2 | executed 2026-09-20 (see runs/supply_etas_prog-ALPHA-F2-a20/manifest.toml)
supply_etas_prog-ALPHA-F3-a20,supply_etas_prog,executed,ALPHA,F3,1.0,0.0,0.5,0.5,0.9,programme:supply,0.2,full-71-abill,runs/supply_etas_prog-ALPHA-F3-a20/manifest.toml; runs/supply_etas_prog-ALPHA-F3-a20/log.txt,5b834cb6016c160c5a20c6441edba809e67682a3,hermes-agent,ALPHA control - prog supply 0.2 - planned - F3 | executed 2026-09-20 (see runs/supply_etas_prog-ALPHA-F3-a20/manifest.toml)
supply_etas_prog-BETA-F1-e05-a20,supply_etas_prog,executed,BETA,F1,1.0,0.5,0.5,0.5,0.9,programme:supply,0.2,full-71-abill,runs/supply_etas_prog-BETA-F1-e05-a20/manifest.toml; runs/supply_etas_prog-BETA-F1-e05-a20/log.txt,5b834cb6016c160c5a20c6441edba809e67682a3,hermes-agent,scalar BETA eta_s=0.5 - prog supply 0.2 - planned - F1 | executed 2026-09-20 (see runs/supply_etas_prog-BETA-F1-e05-a20/manifest.toml)
supply_etas_prog-BETA-F2-e05-a20,supply_etas_prog,executed,BETA,F2,1.0,0.5,0.5,0.5,0.9,programme:supply,0.2,full-71-abill,runs/supply_etas_prog-BETA-F2-e05-a20/manifest.toml; runs/supply_etas_prog-BETA-F2-e05-a20/log.txt,5b834cb6016c160c5a20c6441edba809e67682a3,hermes-agent,scalar BETA eta_s=0.5 - prog supply 0.2 - planned - F2 | executed 2026-09-20 (see runs/supply_etas_prog-BETA-F2-e05-a20/manifest.toml)
supply_etas_prog-BETA-F3-e05-a20,supply_etas_prog,executed,BETA,F3,1.0,0.5,0.5,0.5,0.9,programme:supply,0.2,full-71-abill,runs/supply_etas_prog-BETA-F3-e05-a20/manifest.toml; runs/supply_etas_prog-BETA-F3-e05-a20/log.txt,5b834cb6016c160c5a20c6441edba809e67682a3,hermes-agent,scalar BETA eta_s=0.5 - prog supply 0.2 - planned - F3 | executed 2026-09-20 (see runs/supply_etas_prog-BETA-F3-e05-a20/manifest.toml)
supply_etas_prog-BETA-F1-e1-a20,supply_etas_prog,executed,BETA,F1,1.0,1.0,0.5,0.5,0.9,programme:supply,0.2,full-71-abill,runs/supply_etas_prog-BETA-F1-e1-a20/manifest.toml; runs/supply_etas_prog-BETA-F1-e1-a20/log.txt,5b834cb6016c160c5a20c6441edba809e67682a3,hermes-agent,scalar BETA eta_s=1.0 - prog supply 0.2 - planned - F1 | executed 2026-09-20 (see runs/supply_etas_prog-BETA-F1-e1-a20/manifest.toml)
supply_etas_prog-BETA-F2-e1-a20,supply_etas_prog,executed,BETA,F2,1.0,1.0,0.5,0.5,0.9,programme:supply,0.2,full-71-abill,runs/supply_etas_prog-BETA-F2-e1-a20/manifest.toml; runs/supply_etas_prog-BETA-F2-e1-a20/log.txt,5b834cb6016c160c5a20c6441edba809e67682a3,hermes-agent,scalar BETA eta_s=1.0 - prog supply 0.2 - planned - F2 | executed 2026-09-20 (see runs/supply_etas_prog-BETA-F2-e1-a20/manifest.toml)
supply_etas_prog-BETA-F3-e1-a20,supply_etas_prog,executed,BETA,F3,1.0,1.0,0.5,0.5,0.9,programme:supply,0.2,full-71-abill,runs/supply_etas_prog-BETA-F3-e1-a20/manifest.toml; runs/supply_etas_prog-BETA-F3-e1-a20/log.txt,5b834cb6016c160c5a20c6441edba809e67682a3,hermes-agent,scalar BETA eta_s=1.0 - prog supply 0.2 - planned - F3 | executed 2026-09-20 (see runs/supply_etas_prog-BETA-F3-e1-a20/manifest.toml)
supply_etas_prog-BETA-F1-e2-a20,supply_etas_prog,executed,BETA,F1,1.0,2.0,0.5,0.5,0.9,programme:supply,0.2,full-71-abill,runs/supply_etas_prog-BETA-F1-e2-a20/manifest.toml; runs/supply_etas_prog-BETA-F1-e2-a20/log.txt,5b834cb6016c160c5a20c6441edba809e67682a3,hermes-agent,scalar BETA eta_s=2.0 - prog supply 0.2 - planned - F1 | executed 2026-09-20 (see runs/supply_etas_prog-BETA-F1-e2-a20/manifest.toml)
supply_etas_prog-BETA-F2-e2-a20,supply_etas_prog,executed,BETA,F2,1.0,2.0,0.5,0.5,0.9,programme:supply,0.2,full-71-abill,runs/supply_etas_prog-BETA-F2-e2-a20/manifest.toml; runs/supply_etas_prog-BETA-F2-e2-a20/log.txt,5b834cb6016c160c5a20c6441edba809e67682a3,hermes-agent,scalar BETA eta_s=2.0 - prog supply 0.2 - planned - F2 | executed 2026-09-20 (see runs/supply_etas_prog-BETA-F2-e2-a20/manifest.toml)
supply_etas_prog-BETA-F3-e2-a20,supply_etas_prog,executed,BETA,F3,1.0,2.0,0.5,0.5,0.9,programme:supply,0.2,full-71-abill,runs/supply_etas_prog-BETA-F3-e2-a20/manifest.toml; runs/supply_etas_prog-BETA-F3-e2-a20/log.txt,5b834cb6016c160c5a20c6441edba809e67682a3,hermes-agent,scalar BETA eta_s=2.0 - prog supply 0.2 - planned - F3 | executed 2026-09-20 (see runs/supply_etas_prog-BETA-F3-e2-a20/manifest.toml)
supply_etas_prog-BETA-F1-e5-a20,supply_etas_prog,executed,BETA,F1,1.0,5.0,0.5,0.5,0.9,programme:supply,0.2,full-71-abill,runs/supply_etas_prog-BETA-F1-e5-a20/manifest.toml; runs/supply_etas_prog-BETA-F1-e5-a20/log.txt,5b834cb6016c160c5a20c6441edba809e67682a3,hermes-agent,scalar BETA eta_s=5.0 - prog supply 0.2 - planned - F1 | executed 2026-09-20 (see runs/supply_etas_prog-BETA-F1-e5-a20/manifest.toml)
supply_etas_prog-BETA-F2-e5-a20,supply_etas_prog,executed,BETA,F2,1.0,5.0,0.5,0.5,0.9,programme:supply,0.2,full-71-abill,runs/supply_etas_prog-BETA-F2-e5-a20/manifest.toml; runs/supply_etas_prog-BETA-F2-e5-a20/log.txt,5b834cb6016c160c5a20c6441edba809e67682a3,hermes-agent,scalar BETA eta_s=5.0 - prog supply 0.2 - planned - F2 | executed 2026-09-20 (see runs/supply_etas_prog-BETA-F2-e5-a20/manifest.toml)
supply_etas_prog-BETA-F3-e5-a20,supply_etas_prog,executed,BETA,F3,1.0,5.0,0.5,0.5,0.9,programme:supply,0.2,full-71-abill,runs/supply_etas_prog-BETA-F3-e5-a20/manifest.toml; runs/supply_etas_prog-BETA-F3-e5-a20/log.txt,5b834cb6016c160c5a20c6441edba809e67682a3,hermes-agent,scalar BETA eta_s=5.0 - prog supply 0.2 - planned - F3 | executed 2026-09-20 (see runs/supply_etas_prog-BETA-F3-e5-a20/manifest.toml)
supply_etas_prog-BETA-F1-sec-e05-a20,supply_etas_prog,executed,BETA,F1,1.0,0.5,0.5,0.5,0.9,programme:supply,0.2,full-71-abill,runs/supply_etas_prog-BETA-F1-sec-e05-a20/manifest.toml; runs/supply_etas_prog-BETA-F1-sec-e05-a20/log.txt,5b834cb6016c160c5a20c6441edba809e67682a3,hermes-agent,sectoral uniform BETA eta_s=0.5 - prog supply 0.2 - planned - F1 | executed 2026-09-20 (see runs/supply_etas_prog-BETA-F1-sec-e05-a20/manifest.toml)
supply_etas_prog-BETA-F2-sec-e05-a20,supply_etas_prog,executed,BETA,F2,1.0,0.5,0.5,0.5,0.9,programme:supply,0.2,full-71-abill,runs/supply_etas_prog-BETA-F2-sec-e05-a20/manifest.toml; runs/supply_etas_prog-BETA-F2-sec-e05-a20/log.txt,5b834cb6016c160c5a20c6441edba809e67682a3,hermes-agent,sectoral uniform BETA eta_s=0.5 - prog supply 0.2 - planned - F2 | executed 2026-09-20 (see runs/supply_etas_prog-BETA-F2-sec-e05-a20/manifest.toml)
supply_etas_prog-BETA-F3-sec-e05-a20,supply_etas_prog,executed,BETA,F3,1.0,0.5,0.5,0.5,0.9,programme:supply,0.2,full-71-abill,runs/supply_etas_prog-BETA-F3-sec-e05-a20/manifest.toml; runs/supply_etas_prog-BETA-F3-sec-e05-a20/log.txt,5b834cb6016c160c5a20c6441edba809e67682a3,hermes-agent,sectoral uniform BETA eta_s=0.5 - prog supply 0.2 - planned - F3 | executed 2026-09-20 (see runs/supply_etas_prog-BETA-F3-sec-e05-a20/manifest.toml)
supply_etas_prog-BETA-F1-sec-e2-a20,supply_etas_prog,executed,BETA,F1,1.0,2.0,0.5,0.5,0.9,programme:supply,0.2,full-71-abill,runs/supply_etas_prog-BETA-F1-sec-e2-a20/manifest.toml; runs/supply_etas_prog-BETA-F1-sec-e2-a20/log.txt,5b834cb6016c160c5a20c6441edba809e67682a3,hermes-agent,sectoral uniform BETA eta_s=2.0 - prog supply 0.2 - planned - F1 | executed 2026-09-20 (see runs/supply_etas_prog-BETA-F1-sec-e2-a20/manifest.toml)
supply_etas_prog-BETA-F2-sec-e2-a20,supply_etas_prog,executed,BETA,F2,1.0,2.0,0.5,0.5,0.9,programme:supply,0.2,full-71-abill,runs/supply_etas_prog-BETA-F2-sec-e2-a20/manifest.toml; runs/supply_etas_prog-BETA-F2-sec-e2-a20/log.txt,5b834cb6016c160c5a20c6441edba809e67682a3,hermes-agent,sectoral uniform BETA eta_s=2.0 - prog supply 0.2 - planned - F2 | executed 2026-09-20 (see runs/supply_etas_prog-BETA-F2-sec-e2-a20/manifest.toml)
supply_etas_prog-BETA-F3-sec-e2-a20,supply_etas_prog,executed,BETA,F3,1.0,2.0,0.5,0.5,0.9,programme:supply,0.2,full-71-abill,runs/supply_etas_prog-BETA-F3-sec-e2-a20/manifest.toml; runs/supply_etas_prog-BETA-F3-sec-e2-a20/log.txt,5b834cb6016c160c5a20c6441edba809e67682a3,hermes-agent,sectoral uniform BETA eta_s=2.0 - prog supply 0.2 - planned - F3 | executed 2026-09-20 (see runs/supply_etas_prog-BETA-F3-sec-e2-a20/manifest.toml)
supply_etas_unif-ALPHA-F1-m101,supply_etas_unif,executed,ALPHA,F1,1.0,0.0,0.5,0.5,0.9,uniform:supply,1.01,full-71-abill,runs/supply_etas_unif-ALPHA-F1-m101/manifest.toml; runs/supply_etas_unif-ALPHA-F1-m101/log.txt,5b834cb6016c160c5a20c6441edba809e67682a3,hermes-agent,ALPHA control - unif supply 1.01 - planned - F1 | executed 2026-09-20 (see runs/supply_etas_unif-ALPHA-F1-m101/manifest.toml)
supply_etas_unif-ALPHA-F2-m101,supply_etas_unif,executed,ALPHA,F2,1.0,0.0,0.5,0.5,0.9,uniform:supply,1.01,full-71-abill,runs/supply_etas_unif-ALPHA-F2-m101/manifest.toml; runs/supply_etas_unif-ALPHA-F2-m101/log.txt,5b834cb6016c160c5a20c6441edba809e67682a3,hermes-agent,ALPHA control - unif supply 1.01 - planned - F2 | executed 2026-09-20 (see runs/supply_etas_unif-ALPHA-F2-m101/manifest.toml)
supply_etas_unif-ALPHA-F3-m101,supply_etas_unif,executed,ALPHA,F3,1.0,0.0,0.5,0.5,0.9,uniform:supply,1.01,full-71-abill,runs/supply_etas_unif-ALPHA-F3-m101/manifest.toml; runs/supply_etas_unif-ALPHA-F3-m101/log.txt,5b834cb6016c160c5a20c6441edba809e67682a3,hermes-agent,ALPHA control - unif supply 1.01 - planned - F3 | executed 2026-09-20 (see runs/supply_etas_unif-ALPHA-F3-m101/manifest.toml)
supply_etas_unif-BETA-F1-e05-m101,supply_etas_unif,executed,BETA,F1,1.0,0.5,0.5,0.5,0.9,uniform:supply,1.01,full-71-abill,runs/supply_etas_unif-BETA-F1-e05-m101/manifest.toml; runs/supply_etas_unif-BETA-F1-e05-m101/log.txt,5b834cb6016c160c5a20c6441edba809e67682a3,hermes-agent,scalar BETA eta_s=0.5 - unif supply 1.01 - planned - F1 | executed 2026-09-20 (see runs/supply_etas_unif-BETA-F1-e05-m101/manifest.toml)
supply_etas_unif-BETA-F2-e05-m101,supply_etas_unif,executed,BETA,F2,1.0,0.5,0.5,0.5,0.9,uniform:supply,1.01,full-71-abill,runs/supply_etas_unif-BETA-F2-e05-m101/manifest.toml; runs/supply_etas_unif-BETA-F2-e05-m101/log.txt,5b834cb6016c160c5a20c6441edba809e67682a3,hermes-agent,scalar BETA eta_s=0.5 - unif supply 1.01 - planned - F2 | executed 2026-09-20 (see runs/supply_etas_unif-BETA-F2-e05-m101/manifest.toml)
supply_etas_unif-BETA-F3-e05-m101,supply_etas_unif,executed,BETA,F3,1.0,0.5,0.5,0.5,0.9,uniform:supply,1.01,full-71-abill,runs/supply_etas_unif-BETA-F3-e05-m101/manifest.toml; runs/supply_etas_unif-BETA-F3-e05-m101/log.txt,5b834cb6016c160c5a20c6441edba809e67682a3,hermes-agent,scalar BETA eta_s=0.5 - unif supply 1.01 - planned - F3 | executed 2026-09-20 (see runs/supply_etas_unif-BETA-F3-e05-m101/manifest.toml)
supply_etas_unif-BETA-F1-e1-m101,supply_etas_unif,executed,BETA,F1,1.0,1.0,0.5,0.5,0.9,uniform:supply,1.01,full-71-abill,runs/supply_etas_unif-BETA-F1-e1-m101/manifest.toml; runs/supply_etas_unif-BETA-F1-e1-m101/log.txt,5b834cb6016c160c5a20c6441edba809e67682a3,hermes-agent,scalar BETA eta_s=1.0 - unif supply 1.01 - planned - F1 | executed 2026-09-20 (see runs/supply_etas_unif-BETA-F1-e1-m101/manifest.toml)
supply_etas_unif-BETA-F2-e1-m101,supply_etas_unif,executed,BETA,F2,1.0,1.0,0.5,0.5,0.9,uniform:supply,1.01,full-71-abill,runs/supply_etas_unif-BETA-F2-e1-m101/manifest.toml; runs/supply_etas_unif-BETA-F2-e1-m101/log.txt,5b834cb6016c160c5a20c6441edba809e67682a3,hermes-agent,scalar BETA eta_s=1.0 - unif supply 1.01 - planned - F2 | executed 2026-09-20 (see runs/supply_etas_unif-BETA-F2-e1-m101/manifest.toml)
supply_etas_unif-BETA-F3-e1-m101,supply_etas_unif,executed,BETA,F3,1.0,1.0,0.5,0.5,0.9,uniform:supply,1.01,full-71-abill,runs/supply_etas_unif-BETA-F3-e1-m101/manifest.toml; runs/supply_etas_unif-BETA-F3-e1-m101/log.txt,5b834cb6016c160c5a20c6441edba809e67682a3,hermes-agent,scalar BETA eta_s=1.0 - unif supply 1.01 - planned - F3 | executed 2026-09-20 (see runs/supply_etas_unif-BETA-F3-e1-m101/manifest.toml)
supply_etas_unif-BETA-F1-e2-m101,supply_etas_unif,executed,BETA,F1,1.0,2.0,0.5,0.5,0.9,uniform:supply,1.01,full-71-abill,runs/supply_etas_unif-BETA-F1-e2-m101/manifest.toml; runs/supply_etas_unif-BETA-F1-e2-m101/log.txt,5b834cb6016c160c5a20c6441edba809e67682a3,hermes-agent,scalar BETA eta_s=2.0 - unif supply 1.01 - planned - F1 | executed 2026-09-20 (see runs/supply_etas_unif-BETA-F1-e2-m101/manifest.toml)
supply_etas_unif-BETA-F2-e2-m101,supply_etas_unif,executed,BETA,F2,1.0,2.0,0.5,0.5,0.9,uniform:supply,1.01,full-71-abill,runs/supply_etas_unif-BETA-F2-e2-m101/manifest.toml; runs/supply_etas_unif-BETA-F2-e2-m101/log.txt,5b834cb6016c160c5a20c6441edba809e67682a3,hermes-agent,scalar BETA eta_s=2.0 - unif supply 1.01 - planned - F2 | executed 2026-09-20 (see runs/supply_etas_unif-BETA-F2-e2-m101/manifest.toml)
supply_etas_unif-BETA-F3-e2-m101,supply_etas_unif,executed,BETA,F3,1.0,2.0,0.5,0.5,0.9,uniform:supply,1.01,full-71-abill,runs/supply_etas_unif-BETA-F3-e2-m101/manifest.toml; runs/supply_etas_unif-BETA-F3-e2-m101/log.txt,5b834cb6016c160c5a20c6441edba809e67682a3,hermes-agent,scalar BETA eta_s=2.0 - unif supply 1.01 - planned - F3 | executed 2026-09-20 (see runs/supply_etas_unif-BETA-F3-e2-m101/manifest.toml)
supply_etas_unif-BETA-F1-e5-m101,supply_etas_unif,executed,BETA,F1,1.0,5.0,0.5,0.5,0.9,uniform:supply,1.01,full-71-abill,runs/supply_etas_unif-BETA-F1-e5-m101/manifest.toml; runs/supply_etas_unif-BETA-F1-e5-m101/log.txt,5b834cb6016c160c5a20c6441edba809e67682a3,hermes-agent,scalar BETA eta_s=5.0 - unif supply 1.01 - planned - F1 | executed 2026-09-20 (see runs/supply_etas_unif-BETA-F1-e5-m101/manifest.toml)
supply_etas_unif-BETA-F2-e5-m101,supply_etas_unif,executed,BETA,F2,1.0,5.0,0.5,0.5,0.9,uniform:supply,1.01,full-71-abill,runs/supply_etas_unif-BETA-F2-e5-m101/manifest.toml; runs/supply_etas_unif-BETA-F2-e5-m101/log.txt,5b834cb6016c160c5a20c6441edba809e67682a3,hermes-agent,scalar BETA eta_s=5.0 - unif supply 1.01 - planned - F2 | executed 2026-09-20 (see runs/supply_etas_unif-BETA-F2-e5-m101/manifest.toml)
supply_etas_unif-BETA-F3-e5-m101,supply_etas_unif,executed,BETA,F3,1.0,5.0,0.5,0.5,0.9,uniform:supply,1.01,full-71-abill,runs/supply_etas_unif-BETA-F3-e5-m101/manifest.toml; runs/supply_etas_unif-BETA-F3-e5-m101/log.txt,5b834cb6016c160c5a20c6441edba809e67682a3,hermes-agent,scalar BETA eta_s=5.0 - unif supply 1.01 - planned - F3 | executed 2026-09-20 (see runs/supply_etas_unif-BETA-F3-e5-m101/manifest.toml)
supply_etas_unif-BETA-F1-sec-e05-m101,supply_etas_unif,executed,BETA,F1,1.0,0.5,0.5,0.5,0.9,uniform:supply,1.01,full-71-abill,runs/supply_etas_unif-BETA-F1-sec-e05-m101/manifest.toml; runs/supply_etas_unif-BETA-F1-sec-e05-m101/log.txt,5b834cb6016c160c5a20c6441edba809e67682a3,hermes-agent,sectoral uniform BETA eta_s=0.5 - unif supply 1.01 - planned - F1 | executed 2026-09-20 (see runs/supply_etas_unif-BETA-F1-sec-e05-m101/manifest.toml)
supply_etas_unif-BETA-F2-sec-e05-m101,supply_etas_unif,executed,BETA,F2,1.0,0.5,0.5,0.5,0.9,uniform:supply,1.01,full-71-abill,runs/supply_etas_unif-BETA-F2-sec-e05-m101/manifest.toml; runs/supply_etas_unif-BETA-F2-sec-e05-m101/log.txt,5b834cb6016c160c5a20c6441edba809e67682a3,hermes-agent,sectoral uniform BETA eta_s=0.5 - unif supply 1.01 - planned - F2 | executed 2026-09-20 (see runs/supply_etas_unif-BETA-F2-sec-e05-m101/manifest.toml)
supply_etas_unif-BETA-F3-sec-e05-m101,supply_etas_unif,executed,BETA,F3,1.0,0.5,0.5,0.5,0.9,uniform:supply,1.01,full-71-abill,runs/supply_etas_unif-BETA-F3-sec-e05-m101/manifest.toml; runs/supply_etas_unif-BETA-F3-sec-e05-m101/log.txt,5b834cb6016c160c5a20c6441edba809e67682a3,hermes-agent,sectoral uniform BETA eta_s=0.5 - unif supply 1.01 - planned - F3 | executed 2026-09-20 (see runs/supply_etas_unif-BETA-F3-sec-e05-m101/manifest.toml)
supply_etas_unif-BETA-F1-sec-e2-m101,supply_etas_unif,executed,BETA,F1,1.0,2.0,0.5,0.5,0.9,uniform:supply,1.01,full-71-abill,runs/supply_etas_unif-BETA-F1-sec-e2-m101/manifest.toml; runs/supply_etas_unif-BETA-F1-sec-e2-m101/log.txt,5b834cb6016c160c5a20c6441edba809e67682a3,hermes-agent,sectoral uniform BETA eta_s=2.0 - unif supply 1.01 - planned - F1 | executed 2026-09-20 (see runs/supply_etas_unif-BETA-F1-sec-e2-m101/manifest.toml)
supply_etas_unif-BETA-F2-sec-e2-m101,supply_etas_unif,executed,BETA,F2,1.0,2.0,0.5,0.5,0.9,uniform:supply,1.01,full-71-abill,runs/supply_etas_unif-BETA-F2-sec-e2-m101/manifest.toml; runs/supply_etas_unif-BETA-F2-sec-e2-m101/log.txt,5b834cb6016c160c5a20c6441edba809e67682a3,hermes-agent,sectoral uniform BETA eta_s=2.0 - unif supply 1.01 - planned - F2 | executed 2026-09-20 (see runs/supply_etas_unif-BETA-F2-sec-e2-m101/manifest.toml)
supply_etas_unif-BETA-F3-sec-e2-m101,supply_etas_unif,executed,BETA,F3,1.0,2.0,0.5,0.5,0.9,uniform:supply,1.01,full-71-abill,runs/supply_etas_unif-BETA-F3-sec-e2-m101/manifest.toml; runs/supply_etas_unif-BETA-F3-sec-e2-m101/log.txt,5b834cb6016c160c5a20c6441edba809e67682a3,hermes-agent,sectoral uniform BETA eta_s=2.0 - unif supply 1.01 - planned - F3 | executed 2026-09-20 (see runs/supply_etas_unif-BETA-F3-sec-e2-m101/manifest.toml)
supply_etas_unif-ALPHA-F1-m102,supply_etas_unif,executed,ALPHA,F1,1.0,0.0,0.5,0.5,0.9,uniform:supply,1.02,full-71-abill,runs/supply_etas_unif-ALPHA-F1-m102/manifest.toml; runs/supply_etas_unif-ALPHA-F1-m102/log.txt,5b834cb6016c160c5a20c6441edba809e67682a3,hermes-agent,ALPHA control - unif supply 1.02 - planned - F1 | executed 2026-09-20 (see runs/supply_etas_unif-ALPHA-F1-m102/manifest.toml)
supply_etas_unif-ALPHA-F2-m102,supply_etas_unif,executed,ALPHA,F2,1.0,0.0,0.5,0.5,0.9,uniform:supply,1.02,full-71-abill,runs/supply_etas_unif-ALPHA-F2-m102/manifest.toml; runs/supply_etas_unif-ALPHA-F2-m102/log.txt,5b834cb6016c160c5a20c6441edba809e67682a3,hermes-agent,ALPHA control - unif supply 1.02 - planned - F2 | executed 2026-09-20 (see runs/supply_etas_unif-ALPHA-F2-m102/manifest.toml)
supply_etas_unif-ALPHA-F3-m102,supply_etas_unif,executed,ALPHA,F3,1.0,0.0,0.5,0.5,0.9,uniform:supply,1.02,full-71-abill,runs/supply_etas_unif-ALPHA-F3-m102/manifest.toml; runs/supply_etas_unif-ALPHA-F3-m102/log.txt,5b834cb6016c160c5a20c6441edba809e67682a3,hermes-agent,ALPHA control - unif supply 1.02 - planned - F3 | executed 2026-09-20 (see runs/supply_etas_unif-ALPHA-F3-m102/manifest.toml)
supply_etas_unif-BETA-F1-e05-m102,supply_etas_unif,executed,BETA,F1,1.0,0.5,0.5,0.5,0.9,uniform:supply,1.02,full-71-abill,runs/supply_etas_unif-BETA-F1-e05-m102/manifest.toml; runs/supply_etas_unif-BETA-F1-e05-m102/log.txt,5b834cb6016c160c5a20c6441edba809e67682a3,hermes-agent,scalar BETA eta_s=0.5 - unif supply 1.02 - planned - F1 | executed 2026-09-20 (see runs/supply_etas_unif-BETA-F1-e05-m102/manifest.toml)
supply_etas_unif-BETA-F2-e05-m102,supply_etas_unif,executed,BETA,F2,1.0,0.5,0.5,0.5,0.9,uniform:supply,1.02,full-71-abill,runs/supply_etas_unif-BETA-F2-e05-m102/manifest.toml; runs/supply_etas_unif-BETA-F2-e05-m102/log.txt,5b834cb6016c160c5a20c6441edba809e67682a3,hermes-agent,scalar BETA eta_s=0.5 - unif supply 1.02 - planned - F2 | executed 2026-09-20 (see runs/supply_etas_unif-BETA-F2-e05-m102/manifest.toml)
supply_etas_unif-BETA-F3-e05-m102,supply_etas_unif,executed,BETA,F3,1.0,0.5,0.5,0.5,0.9,uniform:supply,1.02,full-71-abill,runs/supply_etas_unif-BETA-F3-e05-m102/manifest.toml; runs/supply_etas_unif-BETA-F3-e05-m102/log.txt,5b834cb6016c160c5a20c6441edba809e67682a3,hermes-agent,scalar BETA eta_s=0.5 - unif supply 1.02 - planned - F3 | executed 2026-09-20 (see runs/supply_etas_unif-BETA-F3-e05-m102/manifest.toml)
supply_etas_unif-BETA-F1-e1-m102,supply_etas_unif,executed,BETA,F1,1.0,1.0,0.5,0.5,0.9,uniform:supply,1.02,full-71-abill,runs/supply_etas_unif-BETA-F1-e1-m102/manifest.toml; runs/supply_etas_unif-BETA-F1-e1-m102/log.txt,5b834cb6016c160c5a20c6441edba809e67682a3,hermes-agent,scalar BETA eta_s=1.0 - unif supply 1.02 - planned - F1 | executed 2026-09-20 (see runs/supply_etas_unif-BETA-F1-e1-m102/manifest.toml)
supply_etas_unif-BETA-F2-e1-m102,supply_etas_unif,executed,BETA,F2,1.0,1.0,0.5,0.5,0.9,uniform:supply,1.02,full-71-abill,runs/supply_etas_unif-BETA-F2-e1-m102/manifest.toml; runs/supply_etas_unif-BETA-F2-e1-m102/log.txt,5b834cb6016c160c5a20c6441edba809e67682a3,hermes-agent,scalar BETA eta_s=1.0 - unif supply 1.02 - planned - F2 | executed 2026-09-20 (see runs/supply_etas_unif-BETA-F2-e1-m102/manifest.toml)
supply_etas_unif-BETA-F3-e1-m102,supply_etas_unif,executed,BETA,F3,1.0,1.0,0.5,0.5,0.9,uniform:supply,1.02,full-71-abill,runs/supply_etas_unif-BETA-F3-e1-m102/manifest.toml; runs/supply_etas_unif-BETA-F3-e1-m102/log.txt,5b834cb6016c160c5a20c6441edba809e67682a3,hermes-agent,scalar BETA eta_s=1.0 - unif supply 1.02 - planned - F3 | executed 2026-09-20 (see runs/supply_etas_unif-BETA-F3-e1-m102/manifest.toml)
supply_etas_unif-BETA-F1-e2-m102,supply_etas_unif,executed,BETA,F1,1.0,2.0,0.5,0.5,0.9,uniform:supply,1.02,full-71-abill,runs/supply_etas_unif-BETA-F1-e2-m102/manifest.toml; runs/supply_etas_unif-BETA-F1-e2-m102/log.txt,5b834cb6016c160c5a20c6441edba809e67682a3,hermes-agent,scalar BETA eta_s=2.0 - unif supply 1.02 - planned - F1 | executed 2026-09-20 (see runs/supply_etas_unif-BETA-F1-e2-m102/manifest.toml)
supply_etas_unif-BETA-F2-e2-m102,supply_etas_unif,executed,BETA,F2,1.0,2.0,0.5,0.5,0.9,uniform:supply,1.02,full-71-abill,runs/supply_etas_unif-BETA-F2-e2-m102/manifest.toml; runs/supply_etas_unif-BETA-F2-e2-m102/log.txt,5b834cb6016c160c5a20c6441edba809e67682a3,hermes-agent,scalar BETA eta_s=2.0 - unif supply 1.02 - planned - F2 | executed 2026-09-20 (see runs/supply_etas_unif-BETA-F2-e2-m102/manifest.toml)
supply_etas_unif-BETA-F3-e2-m102,supply_etas_unif,executed,BETA,F3,1.0,2.0,0.5,0.5,0.9,uniform:supply,1.02,full-71-abill,runs/supply_etas_unif-BETA-F3-e2-m102/manifest.toml; runs/supply_etas_unif-BETA-F3-e2-m102/log.txt,5b834cb6016c160c5a20c6441edba809e67682a3,hermes-agent,scalar BETA eta_s=2.0 - unif supply 1.02 - planned - F3 | executed 2026-09-20 (see runs/supply_etas_unif-BETA-F3-e2-m102/manifest.toml)
supply_etas_unif-BETA-F1-e5-m102,supply_etas_unif,executed,BETA,F1,1.0,5.0,0.5,0.5,0.9,uniform:supply,1.02,full-71-abill,runs/supply_etas_unif-BETA-F1-e5-m102/manifest.toml; runs/supply_etas_unif-BETA-F1-e5-m102/log.txt,5b834cb6016c160c5a20c6441edba809e67682a3,hermes-agent,scalar BETA eta_s=5.0 - unif supply 1.02 - planned - F1 | executed 2026-09-20 (see runs/supply_etas_unif-BETA-F1-e5-m102/manifest.toml)
supply_etas_unif-BETA-F2-e5-m102,supply_etas_unif,executed,BETA,F2,1.0,5.0,0.5,0.5,0.9,uniform:supply,1.02,full-71-abill,runs/supply_etas_unif-BETA-F2-e5-m102/manifest.toml; runs/supply_etas_unif-BETA-F2-e5-m102/log.txt,5b834cb6016c160c5a20c6441edba809e67682a3,hermes-agent,scalar BETA eta_s=5.0 - unif supply 1.02 - planned - F2 | executed 2026-09-20 (see runs/supply_etas_unif-BETA-F2-e5-m102/manifest.toml)
supply_etas_unif-BETA-F3-e5-m102,supply_etas_unif,executed,BETA,F3,1.0,5.0,0.5,0.5,0.9,uniform:supply,1.02,full-71-abill,runs/supply_etas_unif-BETA-F3-e5-m102/manifest.toml; runs/supply_etas_unif-BETA-F3-e5-m102/log.txt,5b834cb6016c160c5a20c6441edba809e67682a3,hermes-agent,scalar BETA eta_s=5.0 - unif supply 1.02 - planned - F3 | executed 2026-09-20 (see runs/supply_etas_unif-BETA-F3-e5-m102/manifest.toml)
supply_etas_unif-BETA-F1-sec-e05-m102,supply_etas_unif,executed,BETA,F1,1.0,0.5,0.5,0.5,0.9,uniform:supply,1.02,full-71-abill,runs/supply_etas_unif-BETA-F1-sec-e05-m102/manifest.toml; runs/supply_etas_unif-BETA-F1-sec-e05-m102/log.txt,5b834cb6016c160c5a20c6441edba809e67682a3,hermes-agent,sectoral uniform BETA eta_s=0.5 - unif supply 1.02 - planned - F1 | executed 2026-09-20 (see runs/supply_etas_unif-BETA-F1-sec-e05-m102/manifest.toml)
supply_etas_unif-BETA-F2-sec-e05-m102,supply_etas_unif,executed,BETA,F2,1.0,0.5,0.5,0.5,0.9,uniform:supply,1.02,full-71-abill,runs/supply_etas_unif-BETA-F2-sec-e05-m102/manifest.toml; runs/supply_etas_unif-BETA-F2-sec-e05-m102/log.txt,5b834cb6016c160c5a20c6441edba809e67682a3,hermes-agent,sectoral uniform BETA eta_s=0.5 - unif supply 1.02 - planned - F2 | executed 2026-09-20 (see runs/supply_etas_unif-BETA-F2-sec-e05-m102/manifest.toml)
supply_etas_unif-BETA-F3-sec-e05-m102,supply_etas_unif,executed,BETA,F3,1.0,0.5,0.5,0.5,0.9,uniform:supply,1.02,full-71-abill,runs/supply_etas_unif-BETA-F3-sec-e05-m102/manifest.toml; runs/supply_etas_unif-BETA-F3-sec-e05-m102/log.txt,5b834cb6016c160c5a20c6441edba809e67682a3,hermes-agent,sectoral uniform BETA eta_s=0.5 - unif supply 1.02 - planned - F3 | executed 2026-09-20 (see runs/supply_etas_unif-BETA-F3-sec-e05-m102/manifest.toml)
supply_etas_unif-BETA-F1-sec-e2-m102,supply_etas_unif,executed,BETA,F1,1.0,2.0,0.5,0.5,0.9,uniform:supply,1.02,full-71-abill,runs/supply_etas_unif-BETA-F1-sec-e2-m102/manifest.toml; runs/supply_etas_unif-BETA-F1-sec-e2-m102/log.txt,5b834cb6016c160c5a20c6441edba809e67682a3,hermes-agent,sectoral uniform BETA eta_s=2.0 - unif supply 1.02 - planned - F1 | executed 2026-09-20 (see runs/supply_etas_unif-BETA-F1-sec-e2-m102/manifest.toml)
supply_etas_unif-BETA-F2-sec-e2-m102,supply_etas_unif,executed,BETA,F2,1.0,2.0,0.5,0.5,0.9,uniform:supply,1.02,full-71-abill,runs/supply_etas_unif-BETA-F2-sec-e2-m102/manifest.toml; runs/supply_etas_unif-BETA-F2-sec-e2-m102/log.txt,5b834cb6016c160c5a20c6441edba809e67682a3,hermes-agent,sectoral uniform BETA eta_s=2.0 - unif supply 1.02 - planned - F2 | executed 2026-09-20 (see runs/supply_etas_unif-BETA-F2-sec-e2-m102/manifest.toml)
supply_etas_unif-BETA-F3-sec-e2-m102,supply_etas_unif,executed,BETA,F3,1.0,2.0,0.5,0.5,0.9,uniform:supply,1.02,full-71-abill,runs/supply_etas_unif-BETA-F3-sec-e2-m102/manifest.toml; runs/supply_etas_unif-BETA-F3-sec-e2-m102/log.txt,5b834cb6016c160c5a20c6441edba809e67682a3,hermes-agent,sectoral uniform BETA eta_s=2.0 - unif supply 1.02 - planned - F3 | executed 2026-09-20 (see runs/supply_etas_unif-BETA-F3-sec-e2-m102/manifest.toml)
supply_etas_unif-ALPHA-F1-m103,supply_etas_unif,executed,ALPHA,F1,1.0,0.0,0.5,0.5,0.9,uniform:supply,1.03,full-71-abill,runs/supply_etas_unif-ALPHA-F1-m103/manifest.toml; runs/supply_etas_unif-ALPHA-F1-m103/log.txt,5b834cb6016c160c5a20c6441edba809e67682a3,hermes-agent,ALPHA control - unif supply 1.03 - planned - F1 | executed 2026-09-20 (see runs/supply_etas_unif-ALPHA-F1-m103/manifest.toml)
supply_etas_unif-ALPHA-F2-m103,supply_etas_unif,executed,ALPHA,F2,1.0,0.0,0.5,0.5,0.9,uniform:supply,1.03,full-71-abill,runs/supply_etas_unif-ALPHA-F2-m103/manifest.toml; runs/supply_etas_unif-ALPHA-F2-m103/log.txt,5b834cb6016c160c5a20c6441edba809e67682a3,hermes-agent,ALPHA control - unif supply 1.03 - planned - F2 | executed 2026-09-20 (see runs/supply_etas_unif-ALPHA-F2-m103/manifest.toml)
supply_etas_unif-ALPHA-F3-m103,supply_etas_unif,executed,ALPHA,F3,1.0,0.0,0.5,0.5,0.9,uniform:supply,1.03,full-71-abill,runs/supply_etas_unif-ALPHA-F3-m103/manifest.toml; runs/supply_etas_unif-ALPHA-F3-m103/log.txt,5b834cb6016c160c5a20c6441edba809e67682a3,hermes-agent,ALPHA control - unif supply 1.03 - planned - F3 | executed 2026-09-20 (see runs/supply_etas_unif-ALPHA-F3-m103/manifest.toml)
supply_etas_unif-BETA-F1-e05-m103,supply_etas_unif,executed,BETA,F1,1.0,0.5,0.5,0.5,0.9,uniform:supply,1.03,full-71-abill,runs/supply_etas_unif-BETA-F1-e05-m103/manifest.toml; runs/supply_etas_unif-BETA-F1-e05-m103/log.txt,5b834cb6016c160c5a20c6441edba809e67682a3,hermes-agent,scalar BETA eta_s=0.5 - unif supply 1.03 - planned - F1 | executed 2026-09-20 (see runs/supply_etas_unif-BETA-F1-e05-m103/manifest.toml)
supply_etas_unif-BETA-F2-e05-m103,supply_etas_unif,executed,BETA,F2,1.0,0.5,0.5,0.5,0.9,uniform:supply,1.03,full-71-abill,runs/supply_etas_unif-BETA-F2-e05-m103/manifest.toml; runs/supply_etas_unif-BETA-F2-e05-m103/log.txt,5b834cb6016c160c5a20c6441edba809e67682a3,hermes-agent,scalar BETA eta_s=0.5 - unif supply 1.03 - planned - F2 | executed 2026-09-20 (see runs/supply_etas_unif-BETA-F2-e05-m103/manifest.toml)
supply_etas_unif-BETA-F3-e05-m103,supply_etas_unif,executed,BETA,F3,1.0,0.5,0.5,0.5,0.9,uniform:supply,1.03,full-71-abill,runs/supply_etas_unif-BETA-F3-e05-m103/manifest.toml; runs/supply_etas_unif-BETA-F3-e05-m103/log.txt,5b834cb6016c160c5a20c6441edba809e67682a3,hermes-agent,scalar BETA eta_s=0.5 - unif supply 1.03 - planned - F3 | executed 2026-09-20 (see runs/supply_etas_unif-BETA-F3-e05-m103/manifest.toml)
supply_etas_unif-BETA-F1-e1-m103,supply_etas_unif,executed,BETA,F1,1.0,1.0,0.5,0.5,0.9,uniform:supply,1.03,full-71-abill,runs/supply_etas_unif-BETA-F1-e1-m103/manifest.toml; runs/supply_etas_unif-BETA-F1-e1-m103/log.txt,5b834cb6016c160c5a20c6441edba809e67682a3,hermes-agent,scalar BETA eta_s=1.0 - unif supply 1.03 - planned - F1 | executed 2026-09-20 (see runs/supply_etas_unif-BETA-F1-e1-m103/manifest.toml)
supply_etas_unif-BETA-F2-e1-m103,supply_etas_unif,executed,BETA,F2,1.0,1.0,0.5,0.5,0.9,uniform:supply,1.03,full-71-abill,runs/supply_etas_unif-BETA-F2-e1-m103/manifest.toml; runs/supply_etas_unif-BETA-F2-e1-m103/log.txt,5b834cb6016c160c5a20c6441edba809e67682a3,hermes-agent,scalar BETA eta_s=1.0 - unif supply 1.03 - planned - F2 | executed 2026-09-20 (see runs/supply_etas_unif-BETA-F2-e1-m103/manifest.toml)
supply_etas_unif-BETA-F3-e1-m103,supply_etas_unif,executed,BETA,F3,1.0,1.0,0.5,0.5,0.9,uniform:supply,1.03,full-71-abill,runs/supply_etas_unif-BETA-F3-e1-m103/manifest.toml; runs/supply_etas_unif-BETA-F3-e1-m103/log.txt,5b834cb6016c160c5a20c6441edba809e67682a3,hermes-agent,scalar BETA eta_s=1.0 - unif supply 1.03 - planned - F3 | executed 2026-09-20 (see runs/supply_etas_unif-BETA-F3-e1-m103/manifest.toml)
supply_etas_unif-BETA-F1-e2-m103,supply_etas_unif,executed,BETA,F1,1.0,2.0,0.5,0.5,0.9,uniform:supply,1.03,full-71-abill,runs/supply_etas_unif-BETA-F1-e2-m103/manifest.toml; runs/supply_etas_unif-BETA-F1-e2-m103/log.txt,5b834cb6016c160c5a20c6441edba809e67682a3,hermes-agent,scalar BETA eta_s=2.0 - unif supply 1.03 - planned - F1 | executed 2026-09-20 (see runs/supply_etas_unif-BETA-F1-e2-m103/manifest.toml)
supply_etas_unif-BETA-F2-e2-m103,supply_etas_unif,executed,BETA,F2,1.0,2.0,0.5,0.5,0.9,uniform:supply,1.03,full-71-abill,runs/supply_etas_unif-BETA-F2-e2-m103/manifest.toml; runs/supply_etas_unif-BETA-F2-e2-m103/log.txt,5b834cb6016c160c5a20c6441edba809e67682a3,hermes-agent,scalar BETA eta_s=2.0 - unif supply 1.03 - planned - F2 | executed 2026-09-20 (see runs/supply_etas_unif-BETA-F2-e2-m103/manifest.toml)
supply_etas_unif-BETA-F3-e2-m103,supply_etas_unif,executed,BETA,F3,1.0,2.0,0.5,0.5,0.9,uniform:supply,1.03,full-71-abill,runs/supply_etas_unif-BETA-F3-e2-m103/manifest.toml; runs/supply_etas_unif-BETA-F3-e2-m103/log.txt,5b834cb6016c160c5a20c6441edba809e67682a3,hermes-agent,scalar BETA eta_s=2.0 - unif supply 1.03 - planned - F3 | executed 2026-09-20 (see runs/supply_etas_unif-BETA-F3-e2-m103/manifest.toml)
supply_etas_unif-BETA-F1-e5-m103,supply_etas_unif,executed,BETA,F1,1.0,5.0,0.5,0.5,0.9,uniform:supply,1.03,full-71-abill,runs/supply_etas_unif-BETA-F1-e5-m103/manifest.toml; runs/supply_etas_unif-BETA-F1-e5-m103/log.txt,5b834cb6016c160c5a20c6441edba809e67682a3,hermes-agent,scalar BETA eta_s=5.0 - unif supply 1.03 - planned - F1 | executed 2026-09-20 (see runs/supply_etas_unif-BETA-F1-e5-m103/manifest.toml)
supply_etas_unif-BETA-F2-e5-m103,supply_etas_unif,executed,BETA,F2,1.0,5.0,0.5,0.5,0.9,uniform:supply,1.03,full-71-abill,runs/supply_etas_unif-BETA-F2-e5-m103/manifest.toml; runs/supply_etas_unif-BETA-F2-e5-m103/log.txt,5b834cb6016c160c5a20c6441edba809e67682a3,hermes-agent,scalar BETA eta_s=5.0 - unif supply 1.03 - planned - F2 | executed 2026-09-20 (see runs/supply_etas_unif-BETA-F2-e5-m103/manifest.toml)
supply_etas_unif-BETA-F3-e5-m103,supply_etas_unif,executed,BETA,F3,1.0,5.0,0.5,0.5,0.9,uniform:supply,1.03,full-71-abill,runs/supply_etas_unif-BETA-F3-e5-m103/manifest.toml; runs/supply_etas_unif-BETA-F3-e5-m103/log.txt,5b834cb6016c160c5a20c6441edba809e67682a3,hermes-agent,scalar BETA eta_s=5.0 - unif supply 1.03 - planned - F3 | executed 2026-09-20 (see runs/supply_etas_unif-BETA-F3-e5-m103/manifest.toml)
supply_etas_unif-BETA-F1-sec-e05-m103,supply_etas_unif,executed,BETA,F1,1.0,0.5,0.5,0.5,0.9,uniform:supply,1.03,full-71-abill,runs/supply_etas_unif-BETA-F1-sec-e05-m103/manifest.toml; runs/supply_etas_unif-BETA-F1-sec-e05-m103/log.txt,5b834cb6016c160c5a20c6441edba809e67682a3,hermes-agent,sectoral uniform BETA eta_s=0.5 - unif supply 1.03 - planned - F1 | executed 2026-09-20 (see runs/supply_etas_unif-BETA-F1-sec-e05-m103/manifest.toml)
supply_etas_unif-BETA-F2-sec-e05-m103,supply_etas_unif,executed,BETA,F2,1.0,0.5,0.5,0.5,0.9,uniform:supply,1.03,full-71-abill,runs/supply_etas_unif-BETA-F2-sec-e05-m103/manifest.toml; runs/supply_etas_unif-BETA-F2-sec-e05-m103/log.txt,5b834cb6016c160c5a20c6441edba809e67682a3,hermes-agent,sectoral uniform BETA eta_s=0.5 - unif supply 1.03 - planned - F2 | executed 2026-09-20 (see runs/supply_etas_unif-BETA-F2-sec-e05-m103/manifest.toml)
supply_etas_unif-BETA-F3-sec-e05-m103,supply_etas_unif,executed,BETA,F3,1.0,0.5,0.5,0.5,0.9,uniform:supply,1.03,full-71-abill,runs/supply_etas_unif-BETA-F3-sec-e05-m103/manifest.toml; runs/supply_etas_unif-BETA-F3-sec-e05-m103/log.txt,5b834cb6016c160c5a20c6441edba809e67682a3,hermes-agent,sectoral uniform BETA eta_s=0.5 - unif supply 1.03 - planned - F3 | executed 2026-09-20 (see runs/supply_etas_unif-BETA-F3-sec-e05-m103/manifest.toml)
supply_etas_unif-BETA-F1-sec-e2-m103,supply_etas_unif,executed,BETA,F1,1.0,2.0,0.5,0.5,0.9,uniform:supply,1.03,full-71-abill,runs/supply_etas_unif-BETA-F1-sec-e2-m103/manifest.toml; runs/supply_etas_unif-BETA-F1-sec-e2-m103/log.txt,5b834cb6016c160c5a20c6441edba809e67682a3,hermes-agent,sectoral uniform BETA eta_s=2.0 - unif supply 1.03 - planned - F1 | executed 2026-09-20 (see runs/supply_etas_unif-BETA-F1-sec-e2-m103/manifest.toml)
supply_etas_unif-BETA-F2-sec-e2-m103,supply_etas_unif,executed,BETA,F2,1.0,2.0,0.5,0.5,0.9,uniform:supply,1.03,full-71-abill,runs/supply_etas_unif-BETA-F2-sec-e2-m103/manifest.toml; runs/supply_etas_unif-BETA-F2-sec-e2-m103/log.txt,5b834cb6016c160c5a20c6441edba809e67682a3,hermes-agent,sectoral uniform BETA eta_s=2.0 - unif supply 1.03 - planned - F2 | executed 2026-09-20 (see runs/supply_etas_unif-BETA-F2-sec-e2-m103/manifest.toml)
supply_etas_unif-BETA-F3-sec-e2-m103,supply_etas_unif,executed,BETA,F3,1.0,2.0,0.5,0.5,0.9,uniform:supply,1.03,full-71-abill,runs/supply_etas_unif-BETA-F3-sec-e2-m103/manifest.toml; runs/supply_etas_unif-BETA-F3-sec-e2-m103/log.txt,5b834cb6016c160c5a20c6441edba809e67682a3,hermes-agent,sectoral uniform BETA eta_s=2.0 - unif supply 1.03 - planned - F3 | executed 2026-09-20 (see runs/supply_etas_unif-BETA-F3-sec-e2-m103/manifest.toml)
